vocab_item	vocab_index
EC:1.-.-.-	0
EC:1.1.-.-	1
EC:1.1.1.-	2
EC:1.1.1.1	3
EC:1.1.1.10	4
EC:1.1.1.100	5
EC:1.1.1.101	6
EC:1.1.1.102	7
EC:1.1.1.103	8
EC:1.1.1.105	9
EC:1.1.1.107	10
EC:1.1.1.108	11
EC:1.1.1.11	12
EC:1.1.1.112	13
EC:1.1.1.116	14
EC:1.1.1.117	15
EC:1.1.1.119	16
EC:1.1.1.12	17
EC:1.1.1.120	18
EC:1.1.1.122	19
EC:1.1.1.127	20
EC:1.1.1.130	21
EC:1.1.1.132	22
EC:1.1.1.133	23
EC:1.1.1.135	24
EC:1.1.1.136	25
EC:1.1.1.138	26
EC:1.1.1.14	27
EC:1.1.1.140	28
EC:1.1.1.141	29
EC:1.1.1.144	30
EC:1.1.1.145	31
EC:1.1.1.146	32
EC:1.1.1.149	33
EC:1.1.1.153	34
EC:1.1.1.156	35
EC:1.1.1.157	36
EC:1.1.1.159	37
EC:1.1.1.162	38
EC:1.1.1.163	39
EC:1.1.1.168	40
EC:1.1.1.169	41
EC:1.1.1.17	42
EC:1.1.1.170	43
EC:1.1.1.173	44
EC:1.1.1.175	45
EC:1.1.1.178	46
EC:1.1.1.179	47
EC:1.1.1.18	48
EC:1.1.1.181	49
EC:1.1.1.183	50
EC:1.1.1.184	51
EC:1.1.1.188	52
EC:1.1.1.189	53
EC:1.1.1.190	54
EC:1.1.1.191	55
EC:1.1.1.192	56
EC:1.1.1.193	57
EC:1.1.1.194	58
EC:1.1.1.195	59
EC:1.1.1.197	60
EC:1.1.1.2	61
EC:1.1.1.200	62
EC:1.1.1.201	63
EC:1.1.1.202	64
EC:1.1.1.203	65
EC:1.1.1.205	66
EC:1.1.1.206	67
EC:1.1.1.208	68
EC:1.1.1.209	69
EC:1.1.1.21	70
EC:1.1.1.210	71
EC:1.1.1.211	72
EC:1.1.1.215	73
EC:1.1.1.216	74
EC:1.1.1.218	75
EC:1.1.1.219	76
EC:1.1.1.22	77
EC:1.1.1.223	78
EC:1.1.1.225	79
EC:1.1.1.23	80
EC:1.1.1.233	81
EC:1.1.1.234	82
EC:1.1.1.236	83
EC:1.1.1.237	84
EC:1.1.1.239	85
EC:1.1.1.24	86
EC:1.1.1.243	87
EC:1.1.1.244	88
EC:1.1.1.247	89
EC:1.1.1.248	90
EC:1.1.1.25	91
EC:1.1.1.250	92
EC:1.1.1.251	93
EC:1.1.1.252	94
EC:1.1.1.255	95
EC:1.1.1.256	96
EC:1.1.1.257	97
EC:1.1.1.26	98
EC:1.1.1.261	99
EC:1.1.1.262	100
EC:1.1.1.263	101
EC:1.1.1.264	102
EC:1.1.1.265	103
EC:1.1.1.266	104
EC:1.1.1.267	105
EC:1.1.1.268	106
EC:1.1.1.269	107
EC:1.1.1.27	108
EC:1.1.1.270	109
EC:1.1.1.271	110
EC:1.1.1.274	111
EC:1.1.1.276	112
EC:1.1.1.28	113
EC:1.1.1.281	114
EC:1.1.1.282	115
EC:1.1.1.283	116
EC:1.1.1.284	117
EC:1.1.1.285	118
EC:1.1.1.286	119
EC:1.1.1.287	120
EC:1.1.1.288	121
EC:1.1.1.289	122
EC:1.1.1.29	123
EC:1.1.1.290	124
EC:1.1.1.291	125
EC:1.1.1.292	126
EC:1.1.1.294	127
EC:1.1.1.295	128
EC:1.1.1.298	129
EC:1.1.1.299	130
EC:1.1.1.3	131
EC:1.1.1.30	132
EC:1.1.1.300	133
EC:1.1.1.301	134
EC:1.1.1.302	135
EC:1.1.1.303	136
EC:1.1.1.304	137
EC:1.1.1.305	138
EC:1.1.1.306	139
EC:1.1.1.307	140
EC:1.1.1.308	141
EC:1.1.1.309	142
EC:1.1.1.31	143
EC:1.1.1.310	144
EC:1.1.1.311	145
EC:1.1.1.312	146
EC:1.1.1.313	147
EC:1.1.1.315	148
EC:1.1.1.316	149
EC:1.1.1.317	150
EC:1.1.1.318	151
EC:1.1.1.319	152
EC:1.1.1.320	153
EC:1.1.1.324	154
EC:1.1.1.325	155
EC:1.1.1.326	156
EC:1.1.1.327	157
EC:1.1.1.328	158
EC:1.1.1.329	159
EC:1.1.1.330	160
EC:1.1.1.332	161
EC:1.1.1.333	162
EC:1.1.1.334	163
EC:1.1.1.335	164
EC:1.1.1.336	165
EC:1.1.1.337	166
EC:1.1.1.338	167
EC:1.1.1.339	168
EC:1.1.1.34	169
EC:1.1.1.340	170
EC:1.1.1.341	171
EC:1.1.1.342	172
EC:1.1.1.343	173
EC:1.1.1.344	174
EC:1.1.1.346	175
EC:1.1.1.347	176
EC:1.1.1.348	177
EC:1.1.1.349	178
EC:1.1.1.35	179
EC:1.1.1.350	180
EC:1.1.1.352	181
EC:1.1.1.353	182
EC:1.1.1.354	183
EC:1.1.1.355	184
EC:1.1.1.356	185
EC:1.1.1.357	186
EC:1.1.1.358	187
EC:1.1.1.359	188
EC:1.1.1.36	189
EC:1.1.1.360	190
EC:1.1.1.361	191
EC:1.1.1.362	192
EC:1.1.1.363	193
EC:1.1.1.364	194
EC:1.1.1.365	195
EC:1.1.1.366	196
EC:1.1.1.367	197
EC:1.1.1.368	198
EC:1.1.1.369	199
EC:1.1.1.37	200
EC:1.1.1.370	201
EC:1.1.1.371	202
EC:1.1.1.372	203
EC:1.1.1.373	204
EC:1.1.1.374	205
EC:1.1.1.375	206
EC:1.1.1.376	207
EC:1.1.1.377	208
EC:1.1.1.38	209
EC:1.1.1.381	210
EC:1.1.1.382	211
EC:1.1.1.383	212
EC:1.1.1.384	213
EC:1.1.1.385	214
EC:1.1.1.386	215
EC:1.1.1.387	216
EC:1.1.1.388	217
EC:1.1.1.39	218
EC:1.1.1.390	219
EC:1.1.1.391	220
EC:1.1.1.392	221
EC:1.1.1.393	222
EC:1.1.1.394	223
EC:1.1.1.395	224
EC:1.1.1.397	225
EC:1.1.1.399	226
EC:1.1.1.4	227
EC:1.1.1.40	228
EC:1.1.1.401	229
EC:1.1.1.403	230
EC:1.1.1.404	231
EC:1.1.1.405	232
EC:1.1.1.408	233
EC:1.1.1.409	234
EC:1.1.1.41	235
EC:1.1.1.410	236
EC:1.1.1.411	237
EC:1.1.1.412	238
EC:1.1.1.414	239
EC:1.1.1.42	240
EC:1.1.1.44	241
EC:1.1.1.45	242
EC:1.1.1.47	243
EC:1.1.1.48	244
EC:1.1.1.49	245
EC:1.1.1.50	246
EC:1.1.1.51	247
EC:1.1.1.52	248
EC:1.1.1.53	249
EC:1.1.1.56	250
EC:1.1.1.57	251
EC:1.1.1.58	252
EC:1.1.1.6	253
EC:1.1.1.60	254
EC:1.1.1.61	255
EC:1.1.1.62	256
EC:1.1.1.64	257
EC:1.1.1.65	258
EC:1.1.1.67	259
EC:1.1.1.69	260
EC:1.1.1.73	261
EC:1.1.1.76	262
EC:1.1.1.77	263
EC:1.1.1.79	264
EC:1.1.1.8	265
EC:1.1.1.80	266
EC:1.1.1.81	267
EC:1.1.1.82	268
EC:1.1.1.83	269
EC:1.1.1.85	270
EC:1.1.1.86	271
EC:1.1.1.87	272
EC:1.1.1.88	273
EC:1.1.1.9	274
EC:1.1.1.90	275
EC:1.1.1.91	276
EC:1.1.1.93	277
EC:1.1.1.94	278
EC:1.1.1.95	279
EC:1.1.1.96	280
EC:1.1.1.n11	281
EC:1.1.1.n12	282
EC:1.1.1.n4	283
EC:1.1.1.n5	284
EC:1.1.2.-	285
EC:1.1.2.3	286
EC:1.1.2.4	287
EC:1.1.2.6	288
EC:1.1.2.7	289
EC:1.1.2.8	290
EC:1.1.2.9	291
EC:1.1.3.-	292
EC:1.1.3.10	293
EC:1.1.3.12	294
EC:1.1.3.13	295
EC:1.1.3.15	296
EC:1.1.3.17	297
EC:1.1.3.20	298
EC:1.1.3.21	299
EC:1.1.3.37	300
EC:1.1.3.38	301
EC:1.1.3.4	302
EC:1.1.3.41	303
EC:1.1.3.42	304
EC:1.1.3.43	305
EC:1.1.3.44	306
EC:1.1.3.45	307
EC:1.1.3.46	308
EC:1.1.3.47	309
EC:1.1.3.48	310
EC:1.1.3.5	311
EC:1.1.3.6	312
EC:1.1.3.8	313
EC:1.1.3.9	314
EC:1.1.4.-	315
EC:1.1.5.-	316
EC:1.1.5.11	317
EC:1.1.5.12	318
EC:1.1.5.2	319
EC:1.1.5.3	320
EC:1.1.5.4	321
EC:1.1.5.5	322
EC:1.1.5.8	323
EC:1.1.9.1	324
EC:1.1.98.-	325
EC:1.1.98.2	326
EC:1.1.98.3	327
EC:1.1.98.6	328
EC:1.1.99.-	329
EC:1.1.99.1	330
EC:1.1.99.11	331
EC:1.1.99.18	332
EC:1.1.99.2	333
EC:1.1.99.22	334
EC:1.1.99.24	335
EC:1.1.99.28	336
EC:1.1.99.29	337
EC:1.1.99.3	338
EC:1.1.99.31	339
EC:1.1.99.32	340
EC:1.1.99.35	341
EC:1.1.99.36	342
EC:1.1.99.37	343
EC:1.1.99.38	344
EC:1.1.99.39	345
EC:1.1.99.40	346
EC:1.1.99.41	347
EC:1.1.99.6	348
EC:1.10.2.2	349
EC:1.10.3.-	350
EC:1.10.3.1	351
EC:1.10.3.11	352
EC:1.10.3.15	353
EC:1.10.3.2	354
EC:1.10.3.3	355
EC:1.10.3.4	356
EC:1.10.3.9	357
EC:1.10.5.1	358
EC:1.11.-.-	359
EC:1.11.1.-	360
EC:1.11.1.1	361
EC:1.11.1.10	362
EC:1.11.1.11	363
EC:1.11.1.12	364
EC:1.11.1.13	365
EC:1.11.1.14	366
EC:1.11.1.15	367
EC:1.11.1.16	368
EC:1.11.1.17	369
EC:1.11.1.18	370
EC:1.11.1.19	371
EC:1.11.1.20	372
EC:1.11.1.21	373
EC:1.11.1.22	374
EC:1.11.1.23	375
EC:1.11.1.5	376
EC:1.11.1.6	377
EC:1.11.1.7	378
EC:1.11.1.8	379
EC:1.11.1.9	380
EC:1.11.2.1	381
EC:1.11.2.2	382
EC:1.11.2.3	383
EC:1.11.2.4	384
EC:1.11.2.5	385
EC:1.12.-.-	386
EC:1.12.1.2	387
EC:1.12.1.3	388
EC:1.12.1.5	389
EC:1.12.2.1	390
EC:1.12.5.1	391
EC:1.12.7.2	392
EC:1.12.98.1	393
EC:1.12.98.2	394
EC:1.12.98.3	395
EC:1.12.98.4	396
EC:1.12.99.-	397
EC:1.12.99.6	398
EC:1.13.-.-	399
EC:1.13.11.-	400
EC:1.13.11.1	401
EC:1.13.11.11	402
EC:1.13.11.12	403
EC:1.13.11.15	404
EC:1.13.11.16	405
EC:1.13.11.18	406
EC:1.13.11.19	407
EC:1.13.11.2	408
EC:1.13.11.20	409
EC:1.13.11.24	410
EC:1.13.11.25	411
EC:1.13.11.27	412
EC:1.13.11.29	413
EC:1.13.11.3	414
EC:1.13.11.31	415
EC:1.13.11.33	416
EC:1.13.11.34	417
EC:1.13.11.37	418
EC:1.13.11.38	419
EC:1.13.11.39	420
EC:1.13.11.4	421
EC:1.13.11.40	422
EC:1.13.11.43	423
EC:1.13.11.45	424
EC:1.13.11.46	425
EC:1.13.11.47	426
EC:1.13.11.48	427
EC:1.13.11.49	428
EC:1.13.11.5	429
EC:1.13.11.50	430
EC:1.13.11.51	431
EC:1.13.11.52	432
EC:1.13.11.53	433
EC:1.13.11.54	434
EC:1.13.11.55	435
EC:1.13.11.56	436
EC:1.13.11.57	437
EC:1.13.11.58	438
EC:1.13.11.6	439
EC:1.13.11.60	440
EC:1.13.11.61	441
EC:1.13.11.62	442
EC:1.13.11.63	443
EC:1.13.11.64	444
EC:1.13.11.65	445
EC:1.13.11.66	446
EC:1.13.11.68	447
EC:1.13.11.69	448
EC:1.13.11.70	449
EC:1.13.11.71	450
EC:1.13.11.72	451
EC:1.13.11.73	452
EC:1.13.11.74	453
EC:1.13.11.75	454
EC:1.13.11.76	455
EC:1.13.11.77	456
EC:1.13.11.78	457
EC:1.13.11.79	458
EC:1.13.11.8	459
EC:1.13.11.80	460
EC:1.13.11.81	461
EC:1.13.11.82	462
EC:1.13.11.83	463
EC:1.13.11.84	464
EC:1.13.11.9	465
EC:1.13.12.-	466
EC:1.13.12.13	467
EC:1.13.12.16	468
EC:1.13.12.18	469
EC:1.13.12.19	470
EC:1.13.12.20	471
EC:1.13.12.21	472
EC:1.13.12.22	473
EC:1.13.12.23	474
EC:1.13.12.3	475
EC:1.13.12.4	476
EC:1.13.12.5	477
EC:1.13.12.6	478
EC:1.13.12.7	479
EC:1.13.12.9	480
EC:1.13.99.1	481
EC:1.14.-.-	482
EC:1.14.11.-	483
EC:1.14.11.1	484
EC:1.14.11.11	485
EC:1.14.11.13	486
EC:1.14.11.15	487
EC:1.14.11.16	488
EC:1.14.11.17	489
EC:1.14.11.18	490
EC:1.14.11.2	491
EC:1.14.11.20	492
EC:1.14.11.21	493
EC:1.14.11.24	494
EC:1.14.11.25	495
EC:1.14.11.26	496
EC:1.14.11.27	497
EC:1.14.11.28	498
EC:1.14.11.29	499
EC:1.14.11.30	500
EC:1.14.11.31	501
EC:1.14.11.32	502
EC:1.14.11.33	503
EC:1.14.11.35	504
EC:1.14.11.36	505
EC:1.14.11.37	506
EC:1.14.11.38	507
EC:1.14.11.39	508
EC:1.14.11.4	509
EC:1.14.11.40	510
EC:1.14.11.41	511
EC:1.14.11.42	512
EC:1.14.11.43	513
EC:1.14.11.44	514
EC:1.14.11.45	515
EC:1.14.11.46	516
EC:1.14.11.47	517
EC:1.14.11.48	518
EC:1.14.11.51	519
EC:1.14.11.52	520
EC:1.14.11.53	521
EC:1.14.11.54	522
EC:1.14.11.55	523
EC:1.14.11.56	524
EC:1.14.11.57	525
EC:1.14.11.59	526
EC:1.14.11.6	527
EC:1.14.11.60	528
EC:1.14.11.7	529
EC:1.14.11.8	530
EC:1.14.11.9	531
EC:1.14.11.n2	532
EC:1.14.11.n4	533
EC:1.14.12.-	534
EC:1.14.12.1	535
EC:1.14.12.10	536
EC:1.14.12.11	537
EC:1.14.12.12	538
EC:1.14.12.13	539
EC:1.14.12.14	540
EC:1.14.12.15	541
EC:1.14.12.17	542
EC:1.14.12.18	543
EC:1.14.12.19	544
EC:1.14.12.22	545
EC:1.14.12.24	546
EC:1.14.12.25	547
EC:1.14.12.3	548
EC:1.14.12.7	549
EC:1.14.13.-	550
EC:1.14.13.1	551
EC:1.14.13.10	552
EC:1.14.13.101	553
EC:1.14.13.106	554
EC:1.14.13.107	555
EC:1.14.13.111	556
EC:1.14.13.113	557
EC:1.14.13.114	558
EC:1.14.13.122	559
EC:1.14.13.127	560
EC:1.14.13.128	561
EC:1.14.13.131	562
EC:1.14.13.146	563
EC:1.14.13.147	564
EC:1.14.13.148	565
EC:1.14.13.149	566
EC:1.14.13.154	567
EC:1.14.13.16	568
EC:1.14.13.160	569
EC:1.14.13.163	570
EC:1.14.13.166	571
EC:1.14.13.167	572
EC:1.14.13.168	573
EC:1.14.13.170	574
EC:1.14.13.171	575
EC:1.14.13.172	576
EC:1.14.13.178	577
EC:1.14.13.179	578
EC:1.14.13.180	579
EC:1.14.13.181	580
EC:1.14.13.182	581
EC:1.14.13.189	582
EC:1.14.13.190	583
EC:1.14.13.195	584
EC:1.14.13.196	585
EC:1.14.13.2	586
EC:1.14.13.20	587
EC:1.14.13.208	588
EC:1.14.13.209	589
EC:1.14.13.210	590
EC:1.14.13.216	591
EC:1.14.13.217	592
EC:1.14.13.218	593
EC:1.14.13.22	594
EC:1.14.13.220	595
EC:1.14.13.222	596
EC:1.14.13.224	597
EC:1.14.13.225	598
EC:1.14.13.227	599
EC:1.14.13.228	600
EC:1.14.13.23	601
EC:1.14.13.232	602
EC:1.14.13.233	603
EC:1.14.13.234	604
EC:1.14.13.236	605
EC:1.14.13.237	606
EC:1.14.13.239	607
EC:1.14.13.24	608
EC:1.14.13.25	609
EC:1.14.13.29	610
EC:1.14.13.33	611
EC:1.14.13.38	612
EC:1.14.13.39	613
EC:1.14.13.50	614
EC:1.14.13.59	615
EC:1.14.13.63	616
EC:1.14.13.69	617
EC:1.14.13.7	618
EC:1.14.13.8	619
EC:1.14.13.81	620
EC:1.14.13.82	621
EC:1.14.13.83	622
EC:1.14.13.84	623
EC:1.14.13.9	624
EC:1.14.13.92	625
EC:1.14.13.n7	626
EC:1.14.14.-	627
EC:1.14.14.1	628
EC:1.14.14.10	629
EC:1.14.14.102	630
EC:1.14.14.103	631
EC:1.14.14.105	632
EC:1.14.14.106	633
EC:1.14.14.107	634
EC:1.14.14.108	635
EC:1.14.14.109	636
EC:1.14.14.11	637
EC:1.14.14.111	638
EC:1.14.14.112	639
EC:1.14.14.113	640
EC:1.14.14.114	641
EC:1.14.14.115	642
EC:1.14.14.116	643
EC:1.14.14.117	644
EC:1.14.14.118	645
EC:1.14.14.119	646
EC:1.14.14.12	647
EC:1.14.14.120	648
EC:1.14.14.121	649
EC:1.14.14.122	650
EC:1.14.14.123	651
EC:1.14.14.124	652
EC:1.14.14.125	653
EC:1.14.14.126	654
EC:1.14.14.127	655
EC:1.14.14.128	656
EC:1.14.14.129	657
EC:1.14.14.13	658
EC:1.14.14.130	659
EC:1.14.14.133	660
EC:1.14.14.134	661
EC:1.14.14.137	662
EC:1.14.14.138	663
EC:1.14.14.139	664
EC:1.14.14.14	665
EC:1.14.14.140	666
EC:1.14.14.141	667
EC:1.14.14.143	668
EC:1.14.14.145	669
EC:1.14.14.147	670
EC:1.14.14.149	671
EC:1.14.14.150	672
EC:1.14.14.151	673
EC:1.14.14.152	674
EC:1.14.14.153	675
EC:1.14.14.154	676
EC:1.14.14.155	677
EC:1.14.14.156	678
EC:1.14.14.157	679
EC:1.14.14.158	680
EC:1.14.14.16	681
EC:1.14.14.164	682
EC:1.14.14.165	683
EC:1.14.14.17	684
EC:1.14.14.18	685
EC:1.14.14.19	686
EC:1.14.14.23	687
EC:1.14.14.24	688
EC:1.14.14.25	689
EC:1.14.14.26	690
EC:1.14.14.29	691
EC:1.14.14.3	692
EC:1.14.14.30	693
EC:1.14.14.32	694
EC:1.14.14.35	695
EC:1.14.14.36	696
EC:1.14.14.37	697
EC:1.14.14.38	698
EC:1.14.14.39	699
EC:1.14.14.40	700
EC:1.14.14.41	701
EC:1.14.14.42	702
EC:1.14.14.43	703
EC:1.14.14.45	704
EC:1.14.14.46	705
EC:1.14.14.47	706
EC:1.14.14.48	707
EC:1.14.14.49	708
EC:1.14.14.5	709
EC:1.14.14.50	710
EC:1.14.14.51	711
EC:1.14.14.52	712
EC:1.14.14.53	713
EC:1.14.14.54	714
EC:1.14.14.55	715
EC:1.14.14.56	716
EC:1.14.14.57	717
EC:1.14.14.68	718
EC:1.14.14.69	719
EC:1.14.14.70	720
EC:1.14.14.76	721
EC:1.14.14.78	722
EC:1.14.14.79	723
EC:1.14.14.8	724
EC:1.14.14.80	725
EC:1.14.14.81	726
EC:1.14.14.82	727
EC:1.14.14.83	728
EC:1.14.14.84	729
EC:1.14.14.86	730
EC:1.14.14.87	731
EC:1.14.14.89	732
EC:1.14.14.9	733
EC:1.14.14.90	734
EC:1.14.14.91	735
EC:1.14.14.92	736
EC:1.14.14.93	737
EC:1.14.14.94	738
EC:1.14.14.95	739
EC:1.14.14.97	740
EC:1.14.14.98	741
EC:1.14.14.99	742
EC:1.14.15.-	743
EC:1.14.15.1	744
EC:1.14.15.11	745
EC:1.14.15.13	746
EC:1.14.15.14	747
EC:1.14.15.15	748
EC:1.14.15.16	749
EC:1.14.15.17	750
EC:1.14.15.18	751
EC:1.14.15.21	752
EC:1.14.15.22	753
EC:1.14.15.23	754
EC:1.14.15.24	755
EC:1.14.15.28	756
EC:1.14.15.29	757
EC:1.14.15.3	758
EC:1.14.15.30	759
EC:1.14.15.31	760
EC:1.14.15.32	761
EC:1.14.15.33	762
EC:1.14.15.34	763
EC:1.14.15.35	764
EC:1.14.15.4	765
EC:1.14.15.5	766
EC:1.14.15.6	767
EC:1.14.15.7	768
EC:1.14.15.8	769
EC:1.14.15.9	770
EC:1.14.16.-	771
EC:1.14.16.1	772
EC:1.14.16.2	773
EC:1.14.16.4	774
EC:1.14.16.5	775
EC:1.14.16.7	776
EC:1.14.17.-	777
EC:1.14.17.1	778
EC:1.14.17.3	779
EC:1.14.17.4	780
EC:1.14.18.-	781
EC:1.14.18.1	782
EC:1.14.18.2	783
EC:1.14.18.3	784
EC:1.14.18.4	785
EC:1.14.18.5	786
EC:1.14.18.6	787
EC:1.14.18.7	788
EC:1.14.18.8	789
EC:1.14.18.9	790
EC:1.14.19.-	791
EC:1.14.19.1	792
EC:1.14.19.11	793
EC:1.14.19.12	794
EC:1.14.19.13	795
EC:1.14.19.14	796
EC:1.14.19.15	797
EC:1.14.19.16	798
EC:1.14.19.17	799
EC:1.14.19.18	800
EC:1.14.19.19	801
EC:1.14.19.2	802
EC:1.14.19.20	803
EC:1.14.19.21	804
EC:1.14.19.22	805
EC:1.14.19.23	806
EC:1.14.19.25	807
EC:1.14.19.26	808
EC:1.14.19.29	809
EC:1.14.19.3	810
EC:1.14.19.30	811
EC:1.14.19.31	812
EC:1.14.19.33	813
EC:1.14.19.34	814
EC:1.14.19.35	815
EC:1.14.19.37	816
EC:1.14.19.38	817
EC:1.14.19.39	818
EC:1.14.19.4	819
EC:1.14.19.41	820
EC:1.14.19.42	821
EC:1.14.19.43	822
EC:1.14.19.44	823
EC:1.14.19.47	824
EC:1.14.19.49	825
EC:1.14.19.5	826
EC:1.14.19.50	827
EC:1.14.19.51	828
EC:1.14.19.52	829
EC:1.14.19.53	830
EC:1.14.19.54	831
EC:1.14.19.6	832
EC:1.14.19.62	833
EC:1.14.19.64	834
EC:1.14.19.65	835
EC:1.14.19.66	836
EC:1.14.19.67	837
EC:1.14.19.68	838
EC:1.14.19.69	839
EC:1.14.19.70	840
EC:1.14.19.71	841
EC:1.14.19.73	842
EC:1.14.19.8	843
EC:1.14.19.9	844
EC:1.14.19.n4	845
EC:1.14.19.n5	846
EC:1.14.20.1	847
EC:1.14.20.3	848
EC:1.14.20.4	849
EC:1.14.20.5	850
EC:1.14.20.6	851
EC:1.14.20.7	852
EC:1.14.21.-	853
EC:1.14.99.-	854
EC:1.14.99.1	855
EC:1.14.99.15	856
EC:1.14.99.22	857
EC:1.14.99.29	858
EC:1.14.99.37	859
EC:1.14.99.38	860
EC:1.14.99.39	861
EC:1.14.99.44	862
EC:1.14.99.46	863
EC:1.14.99.47	864
EC:1.14.99.48	865
EC:1.14.99.50	866
EC:1.14.99.51	867
EC:1.14.99.57	868
EC:1.14.99.59	869
EC:1.14.99.63	870
EC:1.14.99.n4	871
EC:1.15.1.1	872
EC:1.15.1.2	873
EC:1.16.-.-	874
EC:1.16.1.-	875
EC:1.16.1.1	876
EC:1.16.1.10	877
EC:1.16.1.3	878
EC:1.16.1.5	879
EC:1.16.1.7	880
EC:1.16.1.8	881
EC:1.16.1.9	882
EC:1.16.3.-	883
EC:1.16.3.1	884
EC:1.16.3.2	885
EC:1.17.1.-	886
EC:1.17.1.3	887
EC:1.17.1.4	888
EC:1.17.1.5	889
EC:1.17.1.8	890
EC:1.17.1.9	891
EC:1.17.2.1	892
EC:1.17.2.2	893
EC:1.17.3.-	894
EC:1.17.3.2	895
EC:1.17.4.1	896
EC:1.17.4.2	897
EC:1.17.4.4	898
EC:1.17.5.2	899
EC:1.17.7.1	900
EC:1.17.7.2	901
EC:1.17.7.3	902
EC:1.17.7.4	903
EC:1.17.8.1	904
EC:1.17.9.1	905
EC:1.17.98.2	906
EC:1.17.99.3	907
EC:1.17.99.6	908
EC:1.18.-.-	909
EC:1.18.1.-	910
EC:1.18.1.1	911
EC:1.18.1.2	912
EC:1.18.1.3	913
EC:1.18.1.5	914
EC:1.18.1.6	915
EC:1.18.1.7	916
EC:1.18.6.1	917
EC:1.19.1.1	918
EC:1.2.-.-	919
EC:1.2.1.-	920
EC:1.2.1.10	921
EC:1.2.1.11	922
EC:1.2.1.12	923
EC:1.2.1.13	924
EC:1.2.1.16	925
EC:1.2.1.18	926
EC:1.2.1.19	927
EC:1.2.1.21	928
EC:1.2.1.22	929
EC:1.2.1.24	930
EC:1.2.1.26	931
EC:1.2.1.27	932
EC:1.2.1.28	933
EC:1.2.1.3	934
EC:1.2.1.30	935
EC:1.2.1.31	936
EC:1.2.1.32	937
EC:1.2.1.36	938
EC:1.2.1.38	939
EC:1.2.1.39	940
EC:1.2.1.4	941
EC:1.2.1.41	942
EC:1.2.1.44	943
EC:1.2.1.46	944
EC:1.2.1.47	945
EC:1.2.1.48	946
EC:1.2.1.5	947
EC:1.2.1.50	948
EC:1.2.1.51	949
EC:1.2.1.58	950
EC:1.2.1.59	951
EC:1.2.1.62	952
EC:1.2.1.65	953
EC:1.2.1.67	954
EC:1.2.1.68	955
EC:1.2.1.69	956
EC:1.2.1.7	957
EC:1.2.1.70	958
EC:1.2.1.71	959
EC:1.2.1.72	960
EC:1.2.1.73	961
EC:1.2.1.75	962
EC:1.2.1.76	963
EC:1.2.1.77	964
EC:1.2.1.78	965
EC:1.2.1.79	966
EC:1.2.1.8	967
EC:1.2.1.80	968
EC:1.2.1.81	969
EC:1.2.1.82	970
EC:1.2.1.83	971
EC:1.2.1.84	972
EC:1.2.1.85	973
EC:1.2.1.86	974
EC:1.2.1.87	975
EC:1.2.1.88	976
EC:1.2.1.89	977
EC:1.2.1.9	978
EC:1.2.1.90	979
EC:1.2.1.91	980
EC:1.2.1.92	981
EC:1.2.1.95	982
EC:1.2.1.96	983
EC:1.2.1.97	984
EC:1.2.1.n2	985
EC:1.2.3.1	986
EC:1.2.3.14	987
EC:1.2.3.3	988
EC:1.2.3.4	989
EC:1.2.3.7	990
EC:1.2.4.-	991
EC:1.2.4.1	992
EC:1.2.4.2	993
EC:1.2.4.4	994
EC:1.2.5.1	995
EC:1.2.5.2	996
EC:1.2.5.3	997
EC:1.2.7.-	998
EC:1.2.7.1	999
EC:1.2.7.10	1000
EC:1.2.7.11	1001
EC:1.2.7.12	1002
EC:1.2.7.3	1003
EC:1.2.7.4	1004
EC:1.2.7.5	1005
EC:1.2.7.6	1006
EC:1.2.7.7	1007
EC:1.2.7.8	1008
EC:1.2.98.1	1009
EC:1.2.99.10	1010
EC:1.2.99.6	1011
EC:1.2.99.7	1012
EC:1.2.99.8	1013
EC:1.20.1.1	1014
EC:1.20.4.-	1015
EC:1.20.4.1	1016
EC:1.20.4.2	1017
EC:1.20.4.3	1018
EC:1.20.4.4	1019
EC:1.20.9.1	1020
EC:1.21.-.-	1021
EC:1.21.1.1	1022
EC:1.21.3.1	1023
EC:1.21.3.3	1024
EC:1.21.3.6	1025
EC:1.21.3.7	1026
EC:1.21.3.8	1027
EC:1.21.4.1	1028
EC:1.21.4.2	1029
EC:1.21.4.3	1030
EC:1.21.4.4	1031
EC:1.21.98.-	1032
EC:1.21.98.1	1033
EC:1.21.98.2	1034
EC:1.21.98.3	1035
EC:1.21.98.4	1036
EC:1.21.99.1	1037
EC:1.22.-.-	1038
EC:1.23.1.-	1039
EC:1.23.1.1	1040
EC:1.23.1.2	1041
EC:1.23.1.3	1042
EC:1.23.1.4	1043
EC:1.23.5.1	1044
EC:1.3.-.-	1045
EC:1.3.1.-	1046
EC:1.3.1.1	1047
EC:1.3.1.100	1048
EC:1.3.1.101	1049
EC:1.3.1.102	1050
EC:1.3.1.103	1051
EC:1.3.1.104	1052
EC:1.3.1.105	1053
EC:1.3.1.106	1054
EC:1.3.1.107	1055
EC:1.3.1.108	1056
EC:1.3.1.112	1057
EC:1.3.1.114	1058
EC:1.3.1.12	1059
EC:1.3.1.13	1060
EC:1.3.1.14	1061
EC:1.3.1.19	1062
EC:1.3.1.2	1063
EC:1.3.1.20	1064
EC:1.3.1.21	1065
EC:1.3.1.22	1066
EC:1.3.1.24	1067
EC:1.3.1.25	1068
EC:1.3.1.28	1069
EC:1.3.1.29	1070
EC:1.3.1.3	1071
EC:1.3.1.31	1072
EC:1.3.1.32	1073
EC:1.3.1.33	1074
EC:1.3.1.34	1075
EC:1.3.1.38	1076
EC:1.3.1.39	1077
EC:1.3.1.42	1078
EC:1.3.1.43	1079
EC:1.3.1.44	1080
EC:1.3.1.45	1081
EC:1.3.1.48	1082
EC:1.3.1.49	1083
EC:1.3.1.53	1084
EC:1.3.1.54	1085
EC:1.3.1.56	1086
EC:1.3.1.58	1087
EC:1.3.1.6	1088
EC:1.3.1.60	1089
EC:1.3.1.70	1090
EC:1.3.1.71	1091
EC:1.3.1.72	1092
EC:1.3.1.74	1093
EC:1.3.1.75	1094
EC:1.3.1.76	1095
EC:1.3.1.77	1096
EC:1.3.1.78	1097
EC:1.3.1.81	1098
EC:1.3.1.82	1099
EC:1.3.1.83	1100
EC:1.3.1.84	1101
EC:1.3.1.86	1102
EC:1.3.1.87	1103
EC:1.3.1.88	1104
EC:1.3.1.89	1105
EC:1.3.1.9	1106
EC:1.3.1.90	1107
EC:1.3.1.91	1108
EC:1.3.1.92	1109
EC:1.3.1.93	1110
EC:1.3.1.94	1111
EC:1.3.1.95	1112
EC:1.3.1.96	1113
EC:1.3.1.97	1114
EC:1.3.1.98	1115
EC:1.3.1.99	1116
EC:1.3.1.n3	1117
EC:1.3.2.3	1118
EC:1.3.3.-	1119
EC:1.3.3.11	1120
EC:1.3.3.13	1121
EC:1.3.3.14	1122
EC:1.3.3.3	1123
EC:1.3.3.4	1124
EC:1.3.3.5	1125
EC:1.3.3.6	1126
EC:1.3.4.1	1127
EC:1.3.5.-	1128
EC:1.3.5.1	1129
EC:1.3.5.2	1130
EC:1.3.5.3	1131
EC:1.3.5.4	1132
EC:1.3.5.5	1133
EC:1.3.5.6	1134
EC:1.3.7.1	1135
EC:1.3.7.11	1136
EC:1.3.7.12	1137
EC:1.3.7.15	1138
EC:1.3.7.2	1139
EC:1.3.7.3	1140
EC:1.3.7.4	1141
EC:1.3.7.5	1142
EC:1.3.7.6	1143
EC:1.3.7.7	1144
EC:1.3.7.8	1145
EC:1.3.7.9	1146
EC:1.3.8.-	1147
EC:1.3.8.1	1148
EC:1.3.8.10	1149
EC:1.3.8.11	1150
EC:1.3.8.12	1151
EC:1.3.8.13	1152
EC:1.3.8.14	1153
EC:1.3.8.2	1154
EC:1.3.8.3	1155
EC:1.3.8.4	1156
EC:1.3.8.5	1157
EC:1.3.8.6	1158
EC:1.3.8.7	1159
EC:1.3.8.8	1160
EC:1.3.8.9	1161
EC:1.3.98.-	1162
EC:1.3.98.1	1163
EC:1.3.98.3	1164
EC:1.3.98.4	1165
EC:1.3.99.-	1166
EC:1.3.99.12	1167
EC:1.3.99.16	1168
EC:1.3.99.23	1169
EC:1.3.99.24	1170
EC:1.3.99.26	1171
EC:1.3.99.27	1172
EC:1.3.99.28	1173
EC:1.3.99.29	1174
EC:1.3.99.30	1175
EC:1.3.99.31	1176
EC:1.3.99.32	1177
EC:1.3.99.33	1178
EC:1.3.99.36	1179
EC:1.3.99.37	1180
EC:1.3.99.38	1181
EC:1.3.99.4	1182
EC:1.3.99.5	1183
EC:1.3.99.n1	1184
EC:1.4.-.-	1185
EC:1.4.1.-	1186
EC:1.4.1.1	1187
EC:1.4.1.11	1188
EC:1.4.1.12	1189
EC:1.4.1.13	1190
EC:1.4.1.14	1191
EC:1.4.1.16	1192
EC:1.4.1.17	1193
EC:1.4.1.18	1194
EC:1.4.1.2	1195
EC:1.4.1.20	1196
EC:1.4.1.21	1197
EC:1.4.1.23	1198
EC:1.4.1.24	1199
EC:1.4.1.25	1200
EC:1.4.1.26	1201
EC:1.4.1.3	1202
EC:1.4.1.4	1203
EC:1.4.1.9	1204
EC:1.4.3.-	1205
EC:1.4.3.1	1206
EC:1.4.3.10	1207
EC:1.4.3.13	1208
EC:1.4.3.16	1209
EC:1.4.3.19	1210
EC:1.4.3.2	1211
EC:1.4.3.20	1212
EC:1.4.3.21	1213
EC:1.4.3.22	1214
EC:1.4.3.23	1215
EC:1.4.3.24	1216
EC:1.4.3.3	1217
EC:1.4.3.4	1218
EC:1.4.3.5	1219
EC:1.4.4.2	1220
EC:1.4.5.-	1221
EC:1.4.5.1	1222
EC:1.4.7.1	1223
EC:1.4.9.1	1224
EC:1.4.9.2	1225
EC:1.4.99.-	1226
EC:1.4.99.5	1227
EC:1.4.99.6	1228
EC:1.5.-.-	1229
EC:1.5.1.-	1230
EC:1.5.1.1	1231
EC:1.5.1.10	1232
EC:1.5.1.11	1233
EC:1.5.1.15	1234
EC:1.5.1.16	1235
EC:1.5.1.19	1236
EC:1.5.1.2	1237
EC:1.5.1.20	1238
EC:1.5.1.21	1239
EC:1.5.1.23	1240
EC:1.5.1.24	1241
EC:1.5.1.25	1242
EC:1.5.1.27	1243
EC:1.5.1.28	1244
EC:1.5.1.3	1245
EC:1.5.1.30	1246
EC:1.5.1.33	1247
EC:1.5.1.34	1248
EC:1.5.1.36	1249
EC:1.5.1.37	1250
EC:1.5.1.38	1251
EC:1.5.1.39	1252
EC:1.5.1.40	1253
EC:1.5.1.41	1254
EC:1.5.1.42	1255
EC:1.5.1.43	1256
EC:1.5.1.44	1257
EC:1.5.1.45	1258
EC:1.5.1.46	1259
EC:1.5.1.47	1260
EC:1.5.1.49	1261
EC:1.5.1.5	1262
EC:1.5.1.6	1263
EC:1.5.1.7	1264
EC:1.5.1.8	1265
EC:1.5.1.9	1266
EC:1.5.3.-	1267
EC:1.5.3.1	1268
EC:1.5.3.10	1269
EC:1.5.3.13	1270
EC:1.5.3.14	1271
EC:1.5.3.15	1272
EC:1.5.3.16	1273
EC:1.5.3.17	1274
EC:1.5.3.18	1275
EC:1.5.3.19	1276
EC:1.5.3.21	1277
EC:1.5.3.6	1278
EC:1.5.3.7	1279
EC:1.5.4.1	1280
EC:1.5.5.-	1281
EC:1.5.5.1	1282
EC:1.5.5.2	1283
EC:1.5.5.3	1284
EC:1.5.7.2	1285
EC:1.5.8.-	1286
EC:1.5.8.1	1287
EC:1.5.8.2	1288
EC:1.5.8.3	1289
EC:1.5.8.4	1290
EC:1.5.98.1	1291
EC:1.5.98.2	1292
EC:1.5.99.12	1293
EC:1.5.99.13	1294
EC:1.5.99.14	1295
EC:1.5.99.15	1296
EC:1.6.-.-	1297
EC:1.6.1.1	1298
EC:1.6.2.-	1299
EC:1.6.2.2	1300
EC:1.6.2.4	1301
EC:1.6.2.6	1302
EC:1.6.3.-	1303
EC:1.6.3.1	1304
EC:1.6.3.4	1305
EC:1.6.3.5	1306
EC:1.6.5.-	1307
EC:1.6.5.11	1308
EC:1.6.5.12	1309
EC:1.6.5.2	1310
EC:1.6.5.4	1311
EC:1.6.5.5	1312
EC:1.6.5.6	1313
EC:1.6.5.7	1314
EC:1.6.5.9	1315
EC:1.6.99.-	1316
EC:1.6.99.1	1317
EC:1.6.99.3	1318
EC:1.7.-.-	1319
EC:1.7.1.-	1320
EC:1.7.1.1	1321
EC:1.7.1.13	1322
EC:1.7.1.14	1323
EC:1.7.1.15	1324
EC:1.7.1.16	1325
EC:1.7.1.2	1326
EC:1.7.1.3	1327
EC:1.7.1.4	1328
EC:1.7.1.6	1329
EC:1.7.1.7	1330
EC:1.7.2.1	1331
EC:1.7.2.2	1332
EC:1.7.2.3	1333
EC:1.7.2.4	1334
EC:1.7.2.5	1335
EC:1.7.2.6	1336
EC:1.7.2.7	1337
EC:1.7.2.8	1338
EC:1.7.3.1	1339
EC:1.7.3.3	1340
EC:1.7.5.1	1341
EC:1.7.6.1	1342
EC:1.7.7.1	1343
EC:1.7.7.2	1344
EC:1.7.99.1	1345
EC:1.8.-.-	1346
EC:1.8.1.-	1347
EC:1.8.1.12	1348
EC:1.8.1.14	1349
EC:1.8.1.15	1350
EC:1.8.1.16	1351
EC:1.8.1.19	1352
EC:1.8.1.2	1353
EC:1.8.1.4	1354
EC:1.8.1.5	1355
EC:1.8.1.7	1356
EC:1.8.1.8	1357
EC:1.8.1.9	1358
EC:1.8.2.2	1359
EC:1.8.2.3	1360
EC:1.8.2.4	1361
EC:1.8.3.-	1362
EC:1.8.3.1	1363
EC:1.8.3.2	1364
EC:1.8.3.4	1365
EC:1.8.3.5	1366
EC:1.8.3.6	1367
EC:1.8.3.7	1368
EC:1.8.4.-	1369
EC:1.8.4.10	1370
EC:1.8.4.11	1371
EC:1.8.4.12	1372
EC:1.8.4.13	1373
EC:1.8.4.14	1374
EC:1.8.4.2	1375
EC:1.8.4.8	1376
EC:1.8.4.9	1377
EC:1.8.5.-	1378
EC:1.8.5.1	1379
EC:1.8.5.2	1380
EC:1.8.5.3	1381
EC:1.8.5.4	1382
EC:1.8.5.5	1383
EC:1.8.5.6	1384
EC:1.8.5.7	1385
EC:1.8.7.1	1386
EC:1.8.7.2	1387
EC:1.8.7.3	1388
EC:1.8.98.-	1389
EC:1.8.98.1	1390
EC:1.8.98.2	1391
EC:1.8.98.3	1392
EC:1.8.98.4	1393
EC:1.8.98.5	1394
EC:1.8.98.6	1395
EC:1.8.99.-	1396
EC:1.8.99.2	1397
EC:1.8.99.5	1398
EC:1.9.3.-	1399
EC:1.9.3.1	1400
EC:1.9.6.1	1401
EC:1.97.-.-	1402
EC:1.97.1.-	1403
EC:1.97.1.1	1404
EC:1.97.1.12	1405
EC:1.97.1.2	1406
EC:1.97.1.4	1407
EC:1.97.1.9	1408
EC:2.-.-.-	1409
EC:2.1.-.-	1410
EC:2.1.1.-	1411
EC:2.1.1.1	1412
EC:2.1.1.10	1413
EC:2.1.1.100	1414
EC:2.1.1.101	1415
EC:2.1.1.102	1416
EC:2.1.1.103	1417
EC:2.1.1.104	1418
EC:2.1.1.106	1419
EC:2.1.1.107	1420
EC:2.1.1.109	1421
EC:2.1.1.11	1422
EC:2.1.1.110	1423
EC:2.1.1.111	1424
EC:2.1.1.112	1425
EC:2.1.1.113	1426
EC:2.1.1.114	1427
EC:2.1.1.116	1428
EC:2.1.1.117	1429
EC:2.1.1.118	1430
EC:2.1.1.12	1431
EC:2.1.1.122	1432
EC:2.1.1.127	1433
EC:2.1.1.128	1434
EC:2.1.1.129	1435
EC:2.1.1.13	1436
EC:2.1.1.130	1437
EC:2.1.1.131	1438
EC:2.1.1.132	1439
EC:2.1.1.133	1440
EC:2.1.1.136	1441
EC:2.1.1.137	1442
EC:2.1.1.14	1443
EC:2.1.1.140	1444
EC:2.1.1.141	1445
EC:2.1.1.143	1446
EC:2.1.1.144	1447
EC:2.1.1.145	1448
EC:2.1.1.146	1449
EC:2.1.1.148	1450
EC:2.1.1.15	1451
EC:2.1.1.150	1452
EC:2.1.1.151	1453
EC:2.1.1.152	1454
EC:2.1.1.154	1455
EC:2.1.1.156	1456
EC:2.1.1.157	1457
EC:2.1.1.158	1458
EC:2.1.1.159	1459
EC:2.1.1.160	1460
EC:2.1.1.161	1461
EC:2.1.1.163	1462
EC:2.1.1.164	1463
EC:2.1.1.166	1464
EC:2.1.1.167	1465
EC:2.1.1.168	1466
EC:2.1.1.169	1467
EC:2.1.1.17	1468
EC:2.1.1.170	1469
EC:2.1.1.171	1470
EC:2.1.1.172	1471
EC:2.1.1.173	1472
EC:2.1.1.174	1473
EC:2.1.1.175	1474
EC:2.1.1.176	1475
EC:2.1.1.177	1476
EC:2.1.1.178	1477
EC:2.1.1.179	1478
EC:2.1.1.180	1479
EC:2.1.1.181	1480
EC:2.1.1.182	1481
EC:2.1.1.183	1482
EC:2.1.1.184	1483
EC:2.1.1.185	1484
EC:2.1.1.186	1485
EC:2.1.1.187	1486
EC:2.1.1.188	1487
EC:2.1.1.189	1488
EC:2.1.1.190	1489
EC:2.1.1.191	1490
EC:2.1.1.192	1491
EC:2.1.1.193	1492
EC:2.1.1.195	1493
EC:2.1.1.196	1494
EC:2.1.1.197	1495
EC:2.1.1.198	1496
EC:2.1.1.199	1497
EC:2.1.1.2	1498
EC:2.1.1.20	1499
EC:2.1.1.200	1500
EC:2.1.1.201	1501
EC:2.1.1.202	1502
EC:2.1.1.203	1503
EC:2.1.1.204	1504
EC:2.1.1.205	1505
EC:2.1.1.206	1506
EC:2.1.1.207	1507
EC:2.1.1.208	1508
EC:2.1.1.209	1509
EC:2.1.1.210	1510
EC:2.1.1.211	1511
EC:2.1.1.212	1512
EC:2.1.1.213	1513
EC:2.1.1.214	1514
EC:2.1.1.215	1515
EC:2.1.1.216	1516
EC:2.1.1.217	1517
EC:2.1.1.218	1518
EC:2.1.1.219	1519
EC:2.1.1.22	1520
EC:2.1.1.220	1521
EC:2.1.1.221	1522
EC:2.1.1.222	1523
EC:2.1.1.223	1524
EC:2.1.1.224	1525
EC:2.1.1.225	1526
EC:2.1.1.226	1527
EC:2.1.1.227	1528
EC:2.1.1.228	1529
EC:2.1.1.229	1530
EC:2.1.1.230	1531
EC:2.1.1.231	1532
EC:2.1.1.232	1533
EC:2.1.1.233	1534
EC:2.1.1.234	1535
EC:2.1.1.235	1536
EC:2.1.1.237	1537
EC:2.1.1.238	1538
EC:2.1.1.239	1539
EC:2.1.1.240	1540
EC:2.1.1.241	1541
EC:2.1.1.242	1542
EC:2.1.1.243	1543
EC:2.1.1.244	1544
EC:2.1.1.245	1545
EC:2.1.1.246	1546
EC:2.1.1.247	1547
EC:2.1.1.251	1548
EC:2.1.1.254	1549
EC:2.1.1.255	1550
EC:2.1.1.256	1551
EC:2.1.1.257	1552
EC:2.1.1.258	1553
EC:2.1.1.259	1554
EC:2.1.1.260	1555
EC:2.1.1.261	1556
EC:2.1.1.262	1557
EC:2.1.1.263	1558
EC:2.1.1.264	1559
EC:2.1.1.265	1560
EC:2.1.1.266	1561
EC:2.1.1.267	1562
EC:2.1.1.268	1563
EC:2.1.1.269	1564
EC:2.1.1.270	1565
EC:2.1.1.271	1566
EC:2.1.1.272	1567
EC:2.1.1.273	1568
EC:2.1.1.274	1569
EC:2.1.1.275	1570
EC:2.1.1.276	1571
EC:2.1.1.277	1572
EC:2.1.1.278	1573
EC:2.1.1.279	1574
EC:2.1.1.28	1575
EC:2.1.1.280	1576
EC:2.1.1.281	1577
EC:2.1.1.282	1578
EC:2.1.1.284	1579
EC:2.1.1.285	1580
EC:2.1.1.286	1581
EC:2.1.1.287	1582
EC:2.1.1.288	1583
EC:2.1.1.289	1584
EC:2.1.1.290	1585
EC:2.1.1.291	1586
EC:2.1.1.292	1587
EC:2.1.1.293	1588
EC:2.1.1.294	1589
EC:2.1.1.295	1590
EC:2.1.1.296	1591
EC:2.1.1.297	1592
EC:2.1.1.298	1593
EC:2.1.1.299	1594
EC:2.1.1.300	1595
EC:2.1.1.301	1596
EC:2.1.1.302	1597
EC:2.1.1.303	1598
EC:2.1.1.304	1599
EC:2.1.1.305	1600
EC:2.1.1.306	1601
EC:2.1.1.307	1602
EC:2.1.1.308	1603
EC:2.1.1.309	1604
EC:2.1.1.310	1605
EC:2.1.1.311	1606
EC:2.1.1.312	1607
EC:2.1.1.313	1608
EC:2.1.1.314	1609
EC:2.1.1.315	1610
EC:2.1.1.316	1611
EC:2.1.1.317	1612
EC:2.1.1.318	1613
EC:2.1.1.319	1614
EC:2.1.1.320	1615
EC:2.1.1.321	1616
EC:2.1.1.324	1617
EC:2.1.1.325	1618
EC:2.1.1.327	1619
EC:2.1.1.328	1620
EC:2.1.1.329	1621
EC:2.1.1.33	1622
EC:2.1.1.331	1623
EC:2.1.1.332	1624
EC:2.1.1.333	1625
EC:2.1.1.334	1626
EC:2.1.1.335	1627
EC:2.1.1.336	1628
EC:2.1.1.337	1629
EC:2.1.1.339	1630
EC:2.1.1.34	1631
EC:2.1.1.340	1632
EC:2.1.1.345	1633
EC:2.1.1.346	1634
EC:2.1.1.347	1635
EC:2.1.1.348	1636
EC:2.1.1.35	1637
EC:2.1.1.37	1638
EC:2.1.1.38	1639
EC:2.1.1.4	1640
EC:2.1.1.41	1641
EC:2.1.1.42	1642
EC:2.1.1.43	1643
EC:2.1.1.44	1644
EC:2.1.1.45	1645
EC:2.1.1.46	1646
EC:2.1.1.47	1647
EC:2.1.1.49	1648
EC:2.1.1.5	1649
EC:2.1.1.53	1650
EC:2.1.1.56	1651
EC:2.1.1.57	1652
EC:2.1.1.59	1653
EC:2.1.1.6	1654
EC:2.1.1.60	1655
EC:2.1.1.61	1656
EC:2.1.1.63	1657
EC:2.1.1.64	1658
EC:2.1.1.65	1659
EC:2.1.1.67	1660
EC:2.1.1.68	1661
EC:2.1.1.69	1662
EC:2.1.1.71	1663
EC:2.1.1.72	1664
EC:2.1.1.74	1665
EC:2.1.1.76	1666
EC:2.1.1.77	1667
EC:2.1.1.79	1668
EC:2.1.1.8	1669
EC:2.1.1.80	1670
EC:2.1.1.85	1671
EC:2.1.1.86	1672
EC:2.1.1.88	1673
EC:2.1.1.89	1674
EC:2.1.1.9	1675
EC:2.1.1.90	1676
EC:2.1.1.94	1677
EC:2.1.1.95	1678
EC:2.1.1.96	1679
EC:2.1.1.98	1680
EC:2.1.1.99	1681
EC:2.1.1.n11	1682
EC:2.1.1.n4	1683
EC:2.1.1.n7	1684
EC:2.1.1.n8	1685
EC:2.1.2.-	1686
EC:2.1.2.1	1687
EC:2.1.2.10	1688
EC:2.1.2.11	1689
EC:2.1.2.13	1690
EC:2.1.2.2	1691
EC:2.1.2.3	1692
EC:2.1.2.5	1693
EC:2.1.2.8	1694
EC:2.1.2.9	1695
EC:2.1.3.-	1696
EC:2.1.3.1	1697
EC:2.1.3.10	1698
EC:2.1.3.12	1699
EC:2.1.3.15	1700
EC:2.1.3.2	1701
EC:2.1.3.3	1702
EC:2.1.3.6	1703
EC:2.1.3.9	1704
EC:2.1.4.1	1705
EC:2.1.4.2	1706
EC:2.10.1.1	1707
EC:2.2.1.-	1708
EC:2.2.1.1	1709
EC:2.2.1.10	1710
EC:2.2.1.11	1711
EC:2.2.1.12	1712
EC:2.2.1.2	1713
EC:2.2.1.3	1714
EC:2.2.1.5	1715
EC:2.2.1.6	1716
EC:2.2.1.7	1717
EC:2.2.1.8	1718
EC:2.2.1.9	1719
EC:2.3.-.-	1720
EC:2.3.1.-	1721
EC:2.3.1.1	1722
EC:2.3.1.101	1723
EC:2.3.1.102	1724
EC:2.3.1.103	1725
EC:2.3.1.107	1726
EC:2.3.1.108	1727
EC:2.3.1.109	1728
EC:2.3.1.110	1729
EC:2.3.1.111	1730
EC:2.3.1.117	1731
EC:2.3.1.118	1732
EC:2.3.1.12	1733
EC:2.3.1.121	1734
EC:2.3.1.122	1735
EC:2.3.1.129	1736
EC:2.3.1.13	1737
EC:2.3.1.133	1738
EC:2.3.1.135	1739
EC:2.3.1.136	1740
EC:2.3.1.137	1741
EC:2.3.1.140	1742
EC:2.3.1.144	1743
EC:2.3.1.146	1744
EC:2.3.1.15	1745
EC:2.3.1.150	1746
EC:2.3.1.151	1747
EC:2.3.1.153	1748
EC:2.3.1.156	1749
EC:2.3.1.157	1750
EC:2.3.1.158	1751
EC:2.3.1.159	1752
EC:2.3.1.16	1753
EC:2.3.1.160	1754
EC:2.3.1.161	1755
EC:2.3.1.162	1756
EC:2.3.1.164	1757
EC:2.3.1.165	1758
EC:2.3.1.166	1759
EC:2.3.1.167	1760
EC:2.3.1.168	1761
EC:2.3.1.169	1762
EC:2.3.1.17	1763
EC:2.3.1.170	1764
EC:2.3.1.171	1765
EC:2.3.1.172	1766
EC:2.3.1.174	1767
EC:2.3.1.175	1768
EC:2.3.1.176	1769
EC:2.3.1.177	1770
EC:2.3.1.178	1771
EC:2.3.1.179	1772
EC:2.3.1.18	1773
EC:2.3.1.180	1774
EC:2.3.1.181	1775
EC:2.3.1.182	1776
EC:2.3.1.183	1777
EC:2.3.1.184	1778
EC:2.3.1.187	1779
EC:2.3.1.188	1780
EC:2.3.1.189	1781
EC:2.3.1.19	1782
EC:2.3.1.191	1783
EC:2.3.1.192	1784
EC:2.3.1.193	1785
EC:2.3.1.194	1786
EC:2.3.1.195	1787
EC:2.3.1.196	1788
EC:2.3.1.197	1789
EC:2.3.1.198	1790
EC:2.3.1.199	1791
EC:2.3.1.20	1792
EC:2.3.1.200	1793
EC:2.3.1.201	1794
EC:2.3.1.202	1795
EC:2.3.1.203	1796
EC:2.3.1.204	1797
EC:2.3.1.205	1798
EC:2.3.1.206	1799
EC:2.3.1.207	1800
EC:2.3.1.208	1801
EC:2.3.1.209	1802
EC:2.3.1.21	1803
EC:2.3.1.210	1804
EC:2.3.1.211	1805
EC:2.3.1.212	1806
EC:2.3.1.214	1807
EC:2.3.1.216	1808
EC:2.3.1.217	1809
EC:2.3.1.218	1810
EC:2.3.1.219	1811
EC:2.3.1.22	1812
EC:2.3.1.220	1813
EC:2.3.1.221	1814
EC:2.3.1.222	1815
EC:2.3.1.223	1816
EC:2.3.1.224	1817
EC:2.3.1.225	1818
EC:2.3.1.226	1819
EC:2.3.1.227	1820
EC:2.3.1.228	1821
EC:2.3.1.229	1822
EC:2.3.1.23	1823
EC:2.3.1.230	1824
EC:2.3.1.231	1825
EC:2.3.1.232	1826
EC:2.3.1.233	1827
EC:2.3.1.234	1828
EC:2.3.1.236	1829
EC:2.3.1.238	1830
EC:2.3.1.239	1831
EC:2.3.1.24	1832
EC:2.3.1.240	1833
EC:2.3.1.241	1834
EC:2.3.1.242	1835
EC:2.3.1.243	1836
EC:2.3.1.244	1837
EC:2.3.1.245	1838
EC:2.3.1.246	1839
EC:2.3.1.247	1840
EC:2.3.1.248	1841
EC:2.3.1.249	1842
EC:2.3.1.25	1843
EC:2.3.1.251	1844
EC:2.3.1.252	1845
EC:2.3.1.254	1846
EC:2.3.1.255	1847
EC:2.3.1.256	1848
EC:2.3.1.257	1849
EC:2.3.1.258	1850
EC:2.3.1.259	1851
EC:2.3.1.26	1852
EC:2.3.1.262	1853
EC:2.3.1.263	1854
EC:2.3.1.265	1855
EC:2.3.1.266	1856
EC:2.3.1.267	1857
EC:2.3.1.268	1858
EC:2.3.1.271	1859
EC:2.3.1.273	1860
EC:2.3.1.274	1861
EC:2.3.1.275	1862
EC:2.3.1.28	1863
EC:2.3.1.29	1864
EC:2.3.1.30	1865
EC:2.3.1.31	1866
EC:2.3.1.32	1867
EC:2.3.1.33	1868
EC:2.3.1.35	1869
EC:2.3.1.36	1870
EC:2.3.1.37	1871
EC:2.3.1.38	1872
EC:2.3.1.39	1873
EC:2.3.1.4	1874
EC:2.3.1.40	1875
EC:2.3.1.41	1876
EC:2.3.1.42	1877
EC:2.3.1.43	1878
EC:2.3.1.45	1879
EC:2.3.1.46	1880
EC:2.3.1.47	1881
EC:2.3.1.48	1882
EC:2.3.1.5	1883
EC:2.3.1.50	1884
EC:2.3.1.51	1885
EC:2.3.1.53	1886
EC:2.3.1.54	1887
EC:2.3.1.57	1888
EC:2.3.1.59	1889
EC:2.3.1.6	1890
EC:2.3.1.60	1891
EC:2.3.1.61	1892
EC:2.3.1.64	1893
EC:2.3.1.65	1894
EC:2.3.1.67	1895
EC:2.3.1.68	1896
EC:2.3.1.7	1897
EC:2.3.1.71	1898
EC:2.3.1.74	1899
EC:2.3.1.75	1900
EC:2.3.1.76	1901
EC:2.3.1.78	1902
EC:2.3.1.79	1903
EC:2.3.1.8	1904
EC:2.3.1.80	1905
EC:2.3.1.81	1906
EC:2.3.1.82	1907
EC:2.3.1.84	1908
EC:2.3.1.85	1909
EC:2.3.1.86	1910
EC:2.3.1.87	1911
EC:2.3.1.89	1912
EC:2.3.1.9	1913
EC:2.3.1.91	1914
EC:2.3.1.92	1915
EC:2.3.1.93	1916
EC:2.3.1.94	1917
EC:2.3.1.95	1918
EC:2.3.1.97	1919
EC:2.3.1.n4	1920
EC:2.3.1.n5	1921
EC:2.3.1.n6	1922
EC:2.3.1.n7	1923
EC:2.3.2.-	1924
EC:2.3.2.10	1925
EC:2.3.2.13	1926
EC:2.3.2.15	1927
EC:2.3.2.16	1928
EC:2.3.2.17	1929
EC:2.3.2.18	1930
EC:2.3.2.19	1931
EC:2.3.2.2	1932
EC:2.3.2.20	1933
EC:2.3.2.21	1934
EC:2.3.2.22	1935
EC:2.3.2.23	1936
EC:2.3.2.24	1937
EC:2.3.2.25	1938
EC:2.3.2.26	1939
EC:2.3.2.27	1940
EC:2.3.2.29	1941
EC:2.3.2.3	1942
EC:2.3.2.31	1943
EC:2.3.2.32	1944
EC:2.3.2.5	1945
EC:2.3.2.6	1946
EC:2.3.2.8	1947
EC:2.3.3.-	1948
EC:2.3.3.1	1949
EC:2.3.3.10	1950
EC:2.3.3.13	1951
EC:2.3.3.14	1952
EC:2.3.3.15	1953
EC:2.3.3.16	1954
EC:2.3.3.17	1955
EC:2.3.3.18	1956
EC:2.3.3.19	1957
EC:2.3.3.3	1958
EC:2.3.3.5	1959
EC:2.3.3.8	1960
EC:2.3.3.9	1961
EC:2.4.-.-	1962
EC:2.4.1.-	1963
EC:2.4.1.1	1964
EC:2.4.1.10	1965
EC:2.4.1.100	1966
EC:2.4.1.101	1967
EC:2.4.1.102	1968
EC:2.4.1.109	1969
EC:2.4.1.11	1970
EC:2.4.1.111	1971
EC:2.4.1.115	1972
EC:2.4.1.116	1973
EC:2.4.1.117	1974
EC:2.4.1.12	1975
EC:2.4.1.120	1976
EC:2.4.1.121	1977
EC:2.4.1.122	1978
EC:2.4.1.123	1979
EC:2.4.1.126	1980
EC:2.4.1.128	1981
EC:2.4.1.129	1982
EC:2.4.1.13	1983
EC:2.4.1.131	1984
EC:2.4.1.132	1985
EC:2.4.1.133	1986
EC:2.4.1.134	1987
EC:2.4.1.135	1988
EC:2.4.1.136	1989
EC:2.4.1.14	1990
EC:2.4.1.141	1991
EC:2.4.1.142	1992
EC:2.4.1.143	1993
EC:2.4.1.144	1994
EC:2.4.1.145	1995
EC:2.4.1.146	1996
EC:2.4.1.147	1997
EC:2.4.1.148	1998
EC:2.4.1.149	1999
EC:2.4.1.15	2000
EC:2.4.1.150	2001
EC:2.4.1.152	2002
EC:2.4.1.153	2003
EC:2.4.1.155	2004
EC:2.4.1.159	2005
EC:2.4.1.16	2006
EC:2.4.1.161	2007
EC:2.4.1.17	2008
EC:2.4.1.170	2009
EC:2.4.1.173	2010
EC:2.4.1.174	2011
EC:2.4.1.175	2012
EC:2.4.1.177	2013
EC:2.4.1.18	2014
EC:2.4.1.180	2015
EC:2.4.1.182	2016
EC:2.4.1.183	2017
EC:2.4.1.184	2018
EC:2.4.1.186	2019
EC:2.4.1.187	2020
EC:2.4.1.19	2021
EC:2.4.1.195	2022
EC:2.4.1.198	2023
EC:2.4.1.20	2024
EC:2.4.1.201	2025
EC:2.4.1.202	2026
EC:2.4.1.203	2027
EC:2.4.1.206	2028
EC:2.4.1.207	2029
EC:2.4.1.208	2030
EC:2.4.1.21	2031
EC:2.4.1.210	2032
EC:2.4.1.211	2033
EC:2.4.1.212	2034
EC:2.4.1.213	2035
EC:2.4.1.214	2036
EC:2.4.1.215	2037
EC:2.4.1.216	2038
EC:2.4.1.217	2039
EC:2.4.1.218	2040
EC:2.4.1.219	2041
EC:2.4.1.22	2042
EC:2.4.1.221	2043
EC:2.4.1.222	2044
EC:2.4.1.223	2045
EC:2.4.1.224	2046
EC:2.4.1.225	2047
EC:2.4.1.226	2048
EC:2.4.1.227	2049
EC:2.4.1.228	2050
EC:2.4.1.229	2051
EC:2.4.1.230	2052
EC:2.4.1.231	2053
EC:2.4.1.232	2054
EC:2.4.1.234	2055
EC:2.4.1.236	2056
EC:2.4.1.237	2057
EC:2.4.1.238	2058
EC:2.4.1.239	2059
EC:2.4.1.241	2060
EC:2.4.1.242	2061
EC:2.4.1.243	2062
EC:2.4.1.244	2063
EC:2.4.1.245	2064
EC:2.4.1.246	2065
EC:2.4.1.247	2066
EC:2.4.1.248	2067
EC:2.4.1.25	2068
EC:2.4.1.250	2069
EC:2.4.1.251	2070
EC:2.4.1.252	2071
EC:2.4.1.253	2072
EC:2.4.1.254	2073
EC:2.4.1.255	2074
EC:2.4.1.256	2075
EC:2.4.1.257	2076
EC:2.4.1.258	2077
EC:2.4.1.259	2078
EC:2.4.1.26	2079
EC:2.4.1.260	2080
EC:2.4.1.261	2081
EC:2.4.1.263	2082
EC:2.4.1.264	2083
EC:2.4.1.265	2084
EC:2.4.1.266	2085
EC:2.4.1.267	2086
EC:2.4.1.268	2087
EC:2.4.1.269	2088
EC:2.4.1.27	2089
EC:2.4.1.270	2090
EC:2.4.1.271	2091
EC:2.4.1.272	2092
EC:2.4.1.273	2093
EC:2.4.1.274	2094
EC:2.4.1.275	2095
EC:2.4.1.276	2096
EC:2.4.1.277	2097
EC:2.4.1.278	2098
EC:2.4.1.279	2099
EC:2.4.1.280	2100
EC:2.4.1.281	2101
EC:2.4.1.282	2102
EC:2.4.1.283	2103
EC:2.4.1.284	2104
EC:2.4.1.285	2105
EC:2.4.1.286	2106
EC:2.4.1.287	2107
EC:2.4.1.288	2108
EC:2.4.1.289	2109
EC:2.4.1.290	2110
EC:2.4.1.291	2111
EC:2.4.1.292	2112
EC:2.4.1.293	2113
EC:2.4.1.297	2114
EC:2.4.1.298	2115
EC:2.4.1.299	2116
EC:2.4.1.300	2117
EC:2.4.1.301	2118
EC:2.4.1.302	2119
EC:2.4.1.303	2120
EC:2.4.1.304	2121
EC:2.4.1.305	2122
EC:2.4.1.306	2123
EC:2.4.1.308	2124
EC:2.4.1.309	2125
EC:2.4.1.310	2126
EC:2.4.1.311	2127
EC:2.4.1.312	2128
EC:2.4.1.313	2129
EC:2.4.1.315	2130
EC:2.4.1.316	2131
EC:2.4.1.317	2132
EC:2.4.1.318	2133
EC:2.4.1.319	2134
EC:2.4.1.32	2135
EC:2.4.1.320	2136
EC:2.4.1.321	2137
EC:2.4.1.322	2138
EC:2.4.1.323	2139
EC:2.4.1.324	2140
EC:2.4.1.325	2141
EC:2.4.1.326	2142
EC:2.4.1.327	2143
EC:2.4.1.328	2144
EC:2.4.1.329	2145
EC:2.4.1.33	2146
EC:2.4.1.330	2147
EC:2.4.1.331	2148
EC:2.4.1.332	2149
EC:2.4.1.333	2150
EC:2.4.1.335	2151
EC:2.4.1.336	2152
EC:2.4.1.337	2153
EC:2.4.1.338	2154
EC:2.4.1.34	2155
EC:2.4.1.342	2156
EC:2.4.1.344	2157
EC:2.4.1.345	2158
EC:2.4.1.346	2159
EC:2.4.1.347	2160
EC:2.4.1.351	2161
EC:2.4.1.352	2162
EC:2.4.1.37	2163
EC:2.4.1.38	2164
EC:2.4.1.4	2165
EC:2.4.1.40	2166
EC:2.4.1.41	2167
EC:2.4.1.43	2168
EC:2.4.1.44	2169
EC:2.4.1.46	2170
EC:2.4.1.47	2171
EC:2.4.1.5	2172
EC:2.4.1.50	2173
EC:2.4.1.52	2174
EC:2.4.1.54	2175
EC:2.4.1.56	2176
EC:2.4.1.58	2177
EC:2.4.1.60	2178
EC:2.4.1.62	2179
EC:2.4.1.63	2180
EC:2.4.1.64	2181
EC:2.4.1.65	2182
EC:2.4.1.66	2183
EC:2.4.1.67	2184
EC:2.4.1.68	2185
EC:2.4.1.69	2186
EC:2.4.1.7	2187
EC:2.4.1.79	2188
EC:2.4.1.8	2189
EC:2.4.1.80	2190
EC:2.4.1.82	2191
EC:2.4.1.83	2192
EC:2.4.1.85	2193
EC:2.4.1.86	2194
EC:2.4.1.87	2195
EC:2.4.1.88	2196
EC:2.4.1.9	2197
EC:2.4.1.90	2198
EC:2.4.1.91	2199
EC:2.4.1.92	2200
EC:2.4.1.99	2201
EC:2.4.2.-	2202
EC:2.4.2.1	2203
EC:2.4.2.10	2204
EC:2.4.2.12	2205
EC:2.4.2.14	2206
EC:2.4.2.15	2207
EC:2.4.2.17	2208
EC:2.4.2.18	2209
EC:2.4.2.19	2210
EC:2.4.2.2	2211
EC:2.4.2.21	2212
EC:2.4.2.22	2213
EC:2.4.2.26	2214
EC:2.4.2.27	2215
EC:2.4.2.28	2216
EC:2.4.2.29	2217
EC:2.4.2.3	2218
EC:2.4.2.30	2219
EC:2.4.2.31	2220
EC:2.4.2.36	2221
EC:2.4.2.37	2222
EC:2.4.2.38	2223
EC:2.4.2.39	2224
EC:2.4.2.4	2225
EC:2.4.2.40	2226
EC:2.4.2.41	2227
EC:2.4.2.42	2228
EC:2.4.2.43	2229
EC:2.4.2.44	2230
EC:2.4.2.45	2231
EC:2.4.2.46	2232
EC:2.4.2.47	2233
EC:2.4.2.48	2234
EC:2.4.2.49	2235
EC:2.4.2.51	2236
EC:2.4.2.52	2237
EC:2.4.2.53	2238
EC:2.4.2.54	2239
EC:2.4.2.57	2240
EC:2.4.2.58	2241
EC:2.4.2.6	2242
EC:2.4.2.7	2243
EC:2.4.2.8	2244
EC:2.4.2.9	2245
EC:2.4.2.n3	2246
EC:2.4.99.-	2247
EC:2.4.99.1	2248
EC:2.4.99.12	2249
EC:2.4.99.13	2250
EC:2.4.99.14	2251
EC:2.4.99.15	2252
EC:2.4.99.16	2253
EC:2.4.99.17	2254
EC:2.4.99.18	2255
EC:2.4.99.19	2256
EC:2.4.99.2	2257
EC:2.4.99.20	2258
EC:2.4.99.21	2259
EC:2.4.99.3	2260
EC:2.4.99.4	2261
EC:2.4.99.6	2262
EC:2.4.99.7	2263
EC:2.4.99.8	2264
EC:2.4.99.9	2265
EC:2.5.-.-	2266
EC:2.5.1.-	2267
EC:2.5.1.1	2268
EC:2.5.1.10	2269
EC:2.5.1.100	2270
EC:2.5.1.101	2271
EC:2.5.1.103	2272
EC:2.5.1.104	2273
EC:2.5.1.105	2274
EC:2.5.1.106	2275
EC:2.5.1.107	2276
EC:2.5.1.108	2277
EC:2.5.1.109	2278
EC:2.5.1.110	2279
EC:2.5.1.111	2280
EC:2.5.1.112	2281
EC:2.5.1.113	2282
EC:2.5.1.114	2283
EC:2.5.1.115	2284
EC:2.5.1.116	2285
EC:2.5.1.117	2286
EC:2.5.1.120	2287
EC:2.5.1.121	2288
EC:2.5.1.122	2289
EC:2.5.1.123	2290
EC:2.5.1.124	2291
EC:2.5.1.125	2292
EC:2.5.1.126	2293
EC:2.5.1.127	2294
EC:2.5.1.128	2295
EC:2.5.1.129	2296
EC:2.5.1.130	2297
EC:2.5.1.131	2298
EC:2.5.1.134	2299
EC:2.5.1.135	2300
EC:2.5.1.136	2301
EC:2.5.1.137	2302
EC:2.5.1.138	2303
EC:2.5.1.139	2304
EC:2.5.1.140	2305
EC:2.5.1.141	2306
EC:2.5.1.145	2307
EC:2.5.1.147	2308
EC:2.5.1.15	2309
EC:2.5.1.16	2310
EC:2.5.1.17	2311
EC:2.5.1.18	2312
EC:2.5.1.19	2313
EC:2.5.1.2	2314
EC:2.5.1.20	2315
EC:2.5.1.21	2316
EC:2.5.1.22	2317
EC:2.5.1.23	2318
EC:2.5.1.26	2319
EC:2.5.1.27	2320
EC:2.5.1.28	2321
EC:2.5.1.29	2322
EC:2.5.1.3	2323
EC:2.5.1.30	2324
EC:2.5.1.31	2325
EC:2.5.1.32	2326
EC:2.5.1.34	2327
EC:2.5.1.36	2328
EC:2.5.1.39	2329
EC:2.5.1.41	2330
EC:2.5.1.42	2331
EC:2.5.1.43	2332
EC:2.5.1.44	2333
EC:2.5.1.45	2334
EC:2.5.1.46	2335
EC:2.5.1.47	2336
EC:2.5.1.48	2337
EC:2.5.1.49	2338
EC:2.5.1.51	2339
EC:2.5.1.52	2340
EC:2.5.1.54	2341
EC:2.5.1.55	2342
EC:2.5.1.56	2343
EC:2.5.1.57	2344
EC:2.5.1.58	2345
EC:2.5.1.59	2346
EC:2.5.1.6	2347
EC:2.5.1.60	2348
EC:2.5.1.61	2349
EC:2.5.1.62	2350
EC:2.5.1.63	2351
EC:2.5.1.65	2352
EC:2.5.1.66	2353
EC:2.5.1.67	2354
EC:2.5.1.68	2355
EC:2.5.1.69	2356
EC:2.5.1.7	2357
EC:2.5.1.70	2358
EC:2.5.1.72	2359
EC:2.5.1.73	2360
EC:2.5.1.74	2361
EC:2.5.1.75	2362
EC:2.5.1.76	2363
EC:2.5.1.78	2364
EC:2.5.1.79	2365
EC:2.5.1.80	2366
EC:2.5.1.81	2367
EC:2.5.1.82	2368
EC:2.5.1.83	2369
EC:2.5.1.84	2370
EC:2.5.1.85	2371
EC:2.5.1.86	2372
EC:2.5.1.87	2373
EC:2.5.1.88	2374
EC:2.5.1.89	2375
EC:2.5.1.9	2376
EC:2.5.1.90	2377
EC:2.5.1.91	2378
EC:2.5.1.92	2379
EC:2.5.1.93	2380
EC:2.5.1.94	2381
EC:2.5.1.96	2382
EC:2.5.1.97	2383
EC:2.5.1.98	2384
EC:2.5.1.n9	2385
EC:2.6.-.-	2386
EC:2.6.1.-	2387
EC:2.6.1.1	2388
EC:2.6.1.100	2389
EC:2.6.1.101	2390
EC:2.6.1.102	2391
EC:2.6.1.103	2392
EC:2.6.1.104	2393
EC:2.6.1.105	2394
EC:2.6.1.106	2395
EC:2.6.1.107	2396
EC:2.6.1.108	2397
EC:2.6.1.109	2398
EC:2.6.1.11	2399
EC:2.6.1.110	2400
EC:2.6.1.111	2401
EC:2.6.1.112	2402
EC:2.6.1.113	2403
EC:2.6.1.114	2404
EC:2.6.1.13	2405
EC:2.6.1.14	2406
EC:2.6.1.16	2407
EC:2.6.1.17	2408
EC:2.6.1.18	2409
EC:2.6.1.19	2410
EC:2.6.1.2	2411
EC:2.6.1.21	2412
EC:2.6.1.22	2413
EC:2.6.1.27	2414
EC:2.6.1.3	2415
EC:2.6.1.30	2416
EC:2.6.1.33	2417
EC:2.6.1.34	2418
EC:2.6.1.36	2419
EC:2.6.1.37	2420
EC:2.6.1.38	2421
EC:2.6.1.39	2422
EC:2.6.1.4	2423
EC:2.6.1.40	2424
EC:2.6.1.42	2425
EC:2.6.1.44	2426
EC:2.6.1.45	2427
EC:2.6.1.48	2428
EC:2.6.1.5	2429
EC:2.6.1.50	2430
EC:2.6.1.51	2431
EC:2.6.1.52	2432
EC:2.6.1.57	2433
EC:2.6.1.59	2434
EC:2.6.1.62	2435
EC:2.6.1.63	2436
EC:2.6.1.64	2437
EC:2.6.1.66	2438
EC:2.6.1.7	2439
EC:2.6.1.76	2440
EC:2.6.1.77	2441
EC:2.6.1.78	2442
EC:2.6.1.79	2443
EC:2.6.1.80	2444
EC:2.6.1.81	2445
EC:2.6.1.82	2446
EC:2.6.1.83	2447
EC:2.6.1.84	2448
EC:2.6.1.85	2449
EC:2.6.1.86	2450
EC:2.6.1.87	2451
EC:2.6.1.88	2452
EC:2.6.1.9	2453
EC:2.6.1.90	2454
EC:2.6.1.92	2455
EC:2.6.1.93	2456
EC:2.6.1.94	2457
EC:2.6.1.95	2458
EC:2.6.1.96	2459
EC:2.6.1.97	2460
EC:2.6.1.98	2461
EC:2.6.1.99	2462
EC:2.6.99.-	2463
EC:2.6.99.2	2464
EC:2.6.99.3	2465
EC:2.7.-.-	2466
EC:2.7.1.-	2467
EC:2.7.1.1	2468
EC:2.7.1.100	2469
EC:2.7.1.103	2470
EC:2.7.1.105	2471
EC:2.7.1.106	2472
EC:2.7.1.107	2473
EC:2.7.1.108	2474
EC:2.7.1.11	2475
EC:2.7.1.113	2476
EC:2.7.1.119	2477
EC:2.7.1.12	2478
EC:2.7.1.121	2479
EC:2.7.1.127	2480
EC:2.7.1.130	2481
EC:2.7.1.134	2482
EC:2.7.1.137	2483
EC:2.7.1.138	2484
EC:2.7.1.14	2485
EC:2.7.1.140	2486
EC:2.7.1.144	2487
EC:2.7.1.145	2488
EC:2.7.1.146	2489
EC:2.7.1.147	2490
EC:2.7.1.148	2491
EC:2.7.1.149	2492
EC:2.7.1.15	2493
EC:2.7.1.150	2494
EC:2.7.1.151	2495
EC:2.7.1.153	2496
EC:2.7.1.154	2497
EC:2.7.1.156	2498
EC:2.7.1.157	2499
EC:2.7.1.158	2500
EC:2.7.1.159	2501
EC:2.7.1.16	2502
EC:2.7.1.160	2503
EC:2.7.1.161	2504
EC:2.7.1.162	2505
EC:2.7.1.163	2506
EC:2.7.1.164	2507
EC:2.7.1.165	2508
EC:2.7.1.166	2509
EC:2.7.1.167	2510
EC:2.7.1.168	2511
EC:2.7.1.169	2512
EC:2.7.1.17	2513
EC:2.7.1.170	2514
EC:2.7.1.172	2515
EC:2.7.1.173	2516
EC:2.7.1.174	2517
EC:2.7.1.175	2518
EC:2.7.1.176	2519
EC:2.7.1.177	2520
EC:2.7.1.178	2521
EC:2.7.1.179	2522
EC:2.7.1.180	2523
EC:2.7.1.181	2524
EC:2.7.1.182	2525
EC:2.7.1.183	2526
EC:2.7.1.184	2527
EC:2.7.1.185	2528
EC:2.7.1.186	2529
EC:2.7.1.187	2530
EC:2.7.1.188	2531
EC:2.7.1.189	2532
EC:2.7.1.19	2533
EC:2.7.1.190	2534
EC:2.7.1.191	2535
EC:2.7.1.192	2536
EC:2.7.1.193	2537
EC:2.7.1.194	2538
EC:2.7.1.195	2539
EC:2.7.1.196	2540
EC:2.7.1.197	2541
EC:2.7.1.198	2542
EC:2.7.1.199	2543
EC:2.7.1.2	2544
EC:2.7.1.20	2545
EC:2.7.1.200	2546
EC:2.7.1.201	2547
EC:2.7.1.202	2548
EC:2.7.1.205	2549
EC:2.7.1.206	2550
EC:2.7.1.207	2551
EC:2.7.1.208	2552
EC:2.7.1.209	2553
EC:2.7.1.21	2554
EC:2.7.1.210	2555
EC:2.7.1.212	2556
EC:2.7.1.213	2557
EC:2.7.1.214	2558
EC:2.7.1.215	2559
EC:2.7.1.216	2560
EC:2.7.1.217	2561
EC:2.7.1.218	2562
EC:2.7.1.219	2563
EC:2.7.1.22	2564
EC:2.7.1.220	2565
EC:2.7.1.221	2566
EC:2.7.1.222	2567
EC:2.7.1.23	2568
EC:2.7.1.24	2569
EC:2.7.1.25	2570
EC:2.7.1.26	2571
EC:2.7.1.28	2572
EC:2.7.1.29	2573
EC:2.7.1.3	2574
EC:2.7.1.30	2575
EC:2.7.1.31	2576
EC:2.7.1.32	2577
EC:2.7.1.33	2578
EC:2.7.1.35	2579
EC:2.7.1.36	2580
EC:2.7.1.39	2581
EC:2.7.1.4	2582
EC:2.7.1.40	2583
EC:2.7.1.43	2584
EC:2.7.1.44	2585
EC:2.7.1.45	2586
EC:2.7.1.46	2587
EC:2.7.1.47	2588
EC:2.7.1.48	2589
EC:2.7.1.49	2590
EC:2.7.1.5	2591
EC:2.7.1.50	2592
EC:2.7.1.51	2593
EC:2.7.1.52	2594
EC:2.7.1.53	2595
EC:2.7.1.55	2596
EC:2.7.1.56	2597
EC:2.7.1.58	2598
EC:2.7.1.59	2599
EC:2.7.1.6	2600
EC:2.7.1.60	2601
EC:2.7.1.63	2602
EC:2.7.1.64	2603
EC:2.7.1.66	2604
EC:2.7.1.67	2605
EC:2.7.1.68	2606
EC:2.7.1.71	2607
EC:2.7.1.72	2608
EC:2.7.1.73	2609
EC:2.7.1.74	2610
EC:2.7.1.76	2611
EC:2.7.1.78	2612
EC:2.7.1.8	2613
EC:2.7.1.81	2614
EC:2.7.1.82	2615
EC:2.7.1.83	2616
EC:2.7.1.85	2617
EC:2.7.1.86	2618
EC:2.7.1.87	2619
EC:2.7.1.89	2620
EC:2.7.1.90	2621
EC:2.7.1.91	2622
EC:2.7.1.92	2623
EC:2.7.1.94	2624
EC:2.7.1.95	2625
EC:2.7.10.-	2626
EC:2.7.10.1	2627
EC:2.7.10.2	2628
EC:2.7.11.-	2629
EC:2.7.11.1	2630
EC:2.7.11.10	2631
EC:2.7.11.11	2632
EC:2.7.11.12	2633
EC:2.7.11.13	2634
EC:2.7.11.14	2635
EC:2.7.11.15	2636
EC:2.7.11.16	2637
EC:2.7.11.17	2638
EC:2.7.11.18	2639
EC:2.7.11.19	2640
EC:2.7.11.2	2641
EC:2.7.11.20	2642
EC:2.7.11.21	2643
EC:2.7.11.22	2644
EC:2.7.11.23	2645
EC:2.7.11.24	2646
EC:2.7.11.25	2647
EC:2.7.11.26	2648
EC:2.7.11.27	2649
EC:2.7.11.30	2650
EC:2.7.11.31	2651
EC:2.7.11.32	2652
EC:2.7.11.33	2653
EC:2.7.11.4	2654
EC:2.7.11.5	2655
EC:2.7.11.7	2656
EC:2.7.11.8	2657
EC:2.7.12.1	2658
EC:2.7.12.2	2659
EC:2.7.13.-	2660
EC:2.7.13.3	2661
EC:2.7.14.1	2662
EC:2.7.2.-	2663
EC:2.7.2.1	2664
EC:2.7.2.11	2665
EC:2.7.2.15	2666
EC:2.7.2.2	2667
EC:2.7.2.3	2668
EC:2.7.2.4	2669
EC:2.7.2.7	2670
EC:2.7.2.8	2671
EC:2.7.3.-	2672
EC:2.7.3.1	2673
EC:2.7.3.13	2674
EC:2.7.3.2	2675
EC:2.7.3.3	2676
EC:2.7.3.4	2677
EC:2.7.3.5	2678
EC:2.7.3.9	2679
EC:2.7.4.-	2680
EC:2.7.4.1	2681
EC:2.7.4.10	2682
EC:2.7.4.13	2683
EC:2.7.4.14	2684
EC:2.7.4.16	2685
EC:2.7.4.2	2686
EC:2.7.4.21	2687
EC:2.7.4.22	2688
EC:2.7.4.23	2689
EC:2.7.4.24	2690
EC:2.7.4.25	2691
EC:2.7.4.26	2692
EC:2.7.4.27	2693
EC:2.7.4.28	2694
EC:2.7.4.29	2695
EC:2.7.4.3	2696
EC:2.7.4.31	2697
EC:2.7.4.4	2698
EC:2.7.4.6	2699
EC:2.7.4.7	2700
EC:2.7.4.8	2701
EC:2.7.4.9	2702
EC:2.7.6.1	2703
EC:2.7.6.2	2704
EC:2.7.6.3	2705
EC:2.7.6.5	2706
EC:2.7.7.-	2707
EC:2.7.7.1	2708
EC:2.7.7.12	2709
EC:2.7.7.13	2710
EC:2.7.7.14	2711
EC:2.7.7.15	2712
EC:2.7.7.18	2713
EC:2.7.7.19	2714
EC:2.7.7.2	2715
EC:2.7.7.23	2716
EC:2.7.7.24	2717
EC:2.7.7.27	2718
EC:2.7.7.3	2719
EC:2.7.7.30	2720
EC:2.7.7.31	2721
EC:2.7.7.33	2722
EC:2.7.7.38	2723
EC:2.7.7.39	2724
EC:2.7.7.4	2725
EC:2.7.7.40	2726
EC:2.7.7.41	2727
EC:2.7.7.42	2728
EC:2.7.7.43	2729
EC:2.7.7.46	2730
EC:2.7.7.47	2731
EC:2.7.7.48	2732
EC:2.7.7.49	2733
EC:2.7.7.5	2734
EC:2.7.7.50	2735
EC:2.7.7.52	2736
EC:2.7.7.53	2737
EC:2.7.7.56	2738
EC:2.7.7.58	2739
EC:2.7.7.59	2740
EC:2.7.7.6	2741
EC:2.7.7.60	2742
EC:2.7.7.61	2743
EC:2.7.7.62	2744
EC:2.7.7.64	2745
EC:2.7.7.65	2746
EC:2.7.7.66	2747
EC:2.7.7.67	2748
EC:2.7.7.68	2749
EC:2.7.7.69	2750
EC:2.7.7.7	2751
EC:2.7.7.70	2752
EC:2.7.7.71	2753
EC:2.7.7.72	2754
EC:2.7.7.73	2755
EC:2.7.7.74	2756
EC:2.7.7.75	2757
EC:2.7.7.76	2758
EC:2.7.7.77	2759
EC:2.7.7.78	2760
EC:2.7.7.79	2761
EC:2.7.7.8	2762
EC:2.7.7.80	2763
EC:2.7.7.81	2764
EC:2.7.7.82	2765
EC:2.7.7.83	2766
EC:2.7.7.84	2767
EC:2.7.7.85	2768
EC:2.7.7.86	2769
EC:2.7.7.87	2770
EC:2.7.7.88	2771
EC:2.7.7.89	2772
EC:2.7.7.9	2773
EC:2.7.7.90	2774
EC:2.7.7.91	2775
EC:2.7.7.96	2776
EC:2.7.7.99	2777
EC:2.7.7.n1	2778
EC:2.7.7.n6	2779
EC:2.7.8.-	2780
EC:2.7.8.1	2781
EC:2.7.8.11	2782
EC:2.7.8.12	2783
EC:2.7.8.13	2784
EC:2.7.8.14	2785
EC:2.7.8.15	2786
EC:2.7.8.17	2787
EC:2.7.8.2	2788
EC:2.7.8.20	2789
EC:2.7.8.23	2790
EC:2.7.8.24	2791
EC:2.7.8.26	2792
EC:2.7.8.27	2793
EC:2.7.8.28	2794
EC:2.7.8.29	2795
EC:2.7.8.31	2796
EC:2.7.8.32	2797
EC:2.7.8.33	2798
EC:2.7.8.34	2799
EC:2.7.8.35	2800
EC:2.7.8.36	2801
EC:2.7.8.37	2802
EC:2.7.8.38	2803
EC:2.7.8.39	2804
EC:2.7.8.40	2805
EC:2.7.8.41	2806
EC:2.7.8.42	2807
EC:2.7.8.44	2808
EC:2.7.8.45	2809
EC:2.7.8.46	2810
EC:2.7.8.47	2811
EC:2.7.8.5	2812
EC:2.7.8.6	2813
EC:2.7.8.7	2814
EC:2.7.8.8	2815
EC:2.7.8.n3	2816
EC:2.7.9.1	2817
EC:2.7.9.2	2818
EC:2.7.9.3	2819
EC:2.7.9.4	2820
EC:2.7.9.5	2821
EC:2.7.99.-	2822
EC:2.8.1.-	2823
EC:2.8.1.1	2824
EC:2.8.1.10	2825
EC:2.8.1.11	2826
EC:2.8.1.12	2827
EC:2.8.1.13	2828
EC:2.8.1.14	2829
EC:2.8.1.15	2830
EC:2.8.1.2	2831
EC:2.8.1.4	2832
EC:2.8.1.6	2833
EC:2.8.1.7	2834
EC:2.8.1.8	2835
EC:2.8.1.9	2836
EC:2.8.2.-	2837
EC:2.8.2.1	2838
EC:2.8.2.11	2839
EC:2.8.2.14	2840
EC:2.8.2.17	2841
EC:2.8.2.2	2842
EC:2.8.2.20	2843
EC:2.8.2.21	2844
EC:2.8.2.23	2845
EC:2.8.2.24	2846
EC:2.8.2.25	2847
EC:2.8.2.27	2848
EC:2.8.2.29	2849
EC:2.8.2.3	2850
EC:2.8.2.30	2851
EC:2.8.2.33	2852
EC:2.8.2.35	2853
EC:2.8.2.36	2854
EC:2.8.2.37	2855
EC:2.8.2.38	2856
EC:2.8.2.39	2857
EC:2.8.2.4	2858
EC:2.8.2.5	2859
EC:2.8.2.8	2860
EC:2.8.2.n2	2861
EC:2.8.3.-	2862
EC:2.8.3.10	2863
EC:2.8.3.12	2864
EC:2.8.3.13	2865
EC:2.8.3.15	2866
EC:2.8.3.16	2867
EC:2.8.3.17	2868
EC:2.8.3.18	2869
EC:2.8.3.19	2870
EC:2.8.3.20	2871
EC:2.8.3.21	2872
EC:2.8.3.22	2873
EC:2.8.3.23	2874
EC:2.8.3.25	2875
EC:2.8.3.5	2876
EC:2.8.3.6	2877
EC:2.8.3.8	2878
EC:2.8.3.9	2879
EC:2.8.4.1	2880
EC:2.8.4.2	2881
EC:2.8.4.3	2882
EC:2.8.4.4	2883
EC:2.8.4.5	2884
EC:2.8.5.2	2885
EC:2.9.1.-	2886
EC:2.9.1.1	2887
EC:2.9.1.2	2888
EC:3.-.-.-	2889
EC:3.1.-.-	2890
EC:3.1.1.-	2891
EC:3.1.1.1	2892
EC:3.1.1.10	2893
EC:3.1.1.101	2894
EC:3.1.1.102	2895
EC:3.1.1.11	2896
EC:3.1.1.13	2897
EC:3.1.1.14	2898
EC:3.1.1.15	2899
EC:3.1.1.17	2900
EC:3.1.1.2	2901
EC:3.1.1.20	2902
EC:3.1.1.22	2903
EC:3.1.1.23	2904
EC:3.1.1.24	2905
EC:3.1.1.25	2906
EC:3.1.1.26	2907
EC:3.1.1.27	2908
EC:3.1.1.28	2909
EC:3.1.1.29	2910
EC:3.1.1.3	2911
EC:3.1.1.31	2912
EC:3.1.1.32	2913
EC:3.1.1.34	2914
EC:3.1.1.4	2915
EC:3.1.1.41	2916
EC:3.1.1.45	2917
EC:3.1.1.47	2918
EC:3.1.1.49	2919
EC:3.1.1.5	2920
EC:3.1.1.53	2921
EC:3.1.1.56	2922
EC:3.1.1.57	2923
EC:3.1.1.59	2924
EC:3.1.1.6	2925
EC:3.1.1.61	2926
EC:3.1.1.64	2927
EC:3.1.1.65	2928
EC:3.1.1.67	2929
EC:3.1.1.7	2930
EC:3.1.1.72	2931
EC:3.1.1.73	2932
EC:3.1.1.74	2933
EC:3.1.1.75	2934
EC:3.1.1.76	2935
EC:3.1.1.77	2936
EC:3.1.1.78	2937
EC:3.1.1.79	2938
EC:3.1.1.8	2939
EC:3.1.1.80	2940
EC:3.1.1.81	2941
EC:3.1.1.82	2942
EC:3.1.1.83	2943
EC:3.1.1.84	2944
EC:3.1.1.85	2945
EC:3.1.1.86	2946
EC:3.1.1.87	2947
EC:3.1.1.88	2948
EC:3.1.1.89	2949
EC:3.1.1.90	2950
EC:3.1.1.91	2951
EC:3.1.1.92	2952
EC:3.1.1.93	2953
EC:3.1.1.94	2954
EC:3.1.1.95	2955
EC:3.1.1.96	2956
EC:3.1.1.97	2957
EC:3.1.1.98	2958
EC:3.1.1.99	2959
EC:3.1.1.n2	2960
EC:3.1.11.-	2961
EC:3.1.11.1	2962
EC:3.1.11.2	2963
EC:3.1.11.3	2964
EC:3.1.11.5	2965
EC:3.1.11.6	2966
EC:3.1.11.7	2967
EC:3.1.12.1	2968
EC:3.1.12.2	2969
EC:3.1.13.-	2970
EC:3.1.13.1	2971
EC:3.1.13.2	2972
EC:3.1.13.4	2973
EC:3.1.13.5	2974
EC:3.1.2.-	2975
EC:3.1.2.1	2976
EC:3.1.2.12	2977
EC:3.1.2.14	2978
EC:3.1.2.2	2979
EC:3.1.2.20	2980
EC:3.1.2.21	2981
EC:3.1.2.22	2982
EC:3.1.2.23	2983
EC:3.1.2.27	2984
EC:3.1.2.28	2985
EC:3.1.2.29	2986
EC:3.1.2.30	2987
EC:3.1.2.31	2988
EC:3.1.2.32	2989
EC:3.1.2.4	2990
EC:3.1.2.6	2991
EC:3.1.21.-	2992
EC:3.1.21.1	2993
EC:3.1.21.2	2994
EC:3.1.21.3	2995
EC:3.1.21.4	2996
EC:3.1.21.5	2997
EC:3.1.21.7	2998
EC:3.1.21.8	2999
EC:3.1.21.9	3000
EC:3.1.22.-	3001
EC:3.1.22.1	3002
EC:3.1.22.4	3003
EC:3.1.25.-	3004
EC:3.1.26.-	3005
EC:3.1.26.1	3006
EC:3.1.26.11	3007
EC:3.1.26.12	3008
EC:3.1.26.13	3009
EC:3.1.26.3	3010
EC:3.1.26.4	3011
EC:3.1.26.5	3012
EC:3.1.26.8	3013
EC:3.1.26.n2	3014
EC:3.1.27.-	3015
EC:3.1.27.1	3016
EC:3.1.27.10	3017
EC:3.1.27.2	3018
EC:3.1.27.3	3019
EC:3.1.27.4	3020
EC:3.1.27.5	3021
EC:3.1.27.6	3022
EC:3.1.3.-	3023
EC:3.1.3.1	3024
EC:3.1.3.10	3025
EC:3.1.3.100	3026
EC:3.1.3.101	3027
EC:3.1.3.102	3028
EC:3.1.3.103	3029
EC:3.1.3.104	3030
EC:3.1.3.105	3031
EC:3.1.3.11	3032
EC:3.1.3.12	3033
EC:3.1.3.15	3034
EC:3.1.3.16	3035
EC:3.1.3.18	3036
EC:3.1.3.2	3037
EC:3.1.3.21	3038
EC:3.1.3.22	3039
EC:3.1.3.23	3040
EC:3.1.3.24	3041
EC:3.1.3.25	3042
EC:3.1.3.26	3043
EC:3.1.3.27	3044
EC:3.1.3.29	3045
EC:3.1.3.3	3046
EC:3.1.3.32	3047
EC:3.1.3.33	3048
EC:3.1.3.34	3049
EC:3.1.3.36	3050
EC:3.1.3.37	3051
EC:3.1.3.39	3052
EC:3.1.3.4	3053
EC:3.1.3.41	3054
EC:3.1.3.43	3055
EC:3.1.3.45	3056
EC:3.1.3.46	3057
EC:3.1.3.48	3058
EC:3.1.3.5	3059
EC:3.1.3.50	3060
EC:3.1.3.53	3061
EC:3.1.3.54	3062
EC:3.1.3.56	3063
EC:3.1.3.57	3064
EC:3.1.3.6	3065
EC:3.1.3.60	3066
EC:3.1.3.62	3067
EC:3.1.3.63	3068
EC:3.1.3.64	3069
EC:3.1.3.66	3070
EC:3.1.3.67	3071
EC:3.1.3.68	3072
EC:3.1.3.69	3073
EC:3.1.3.7	3074
EC:3.1.3.70	3075
EC:3.1.3.71	3076
EC:3.1.3.73	3077
EC:3.1.3.74	3078
EC:3.1.3.75	3079
EC:3.1.3.76	3080
EC:3.1.3.77	3081
EC:3.1.3.78	3082
EC:3.1.3.79	3083
EC:3.1.3.8	3084
EC:3.1.3.80	3085
EC:3.1.3.81	3086
EC:3.1.3.82	3087
EC:3.1.3.83	3088
EC:3.1.3.84	3089
EC:3.1.3.85	3090
EC:3.1.3.86	3091
EC:3.1.3.87	3092
EC:3.1.3.88	3093
EC:3.1.3.89	3094
EC:3.1.3.9	3095
EC:3.1.3.90	3096
EC:3.1.3.91	3097
EC:3.1.3.92	3098
EC:3.1.3.93	3099
EC:3.1.3.94	3100
EC:3.1.3.95	3101
EC:3.1.3.96	3102
EC:3.1.3.97	3103
EC:3.1.3.99	3104
EC:3.1.30.-	3105
EC:3.1.30.1	3106
EC:3.1.30.2	3107
EC:3.1.31.-	3108
EC:3.1.31.1	3109
EC:3.1.4.-	3110
EC:3.1.4.1	3111
EC:3.1.4.11	3112
EC:3.1.4.12	3113
EC:3.1.4.14	3114
EC:3.1.4.16	3115
EC:3.1.4.17	3116
EC:3.1.4.2	3117
EC:3.1.4.3	3118
EC:3.1.4.35	3119
EC:3.1.4.37	3120
EC:3.1.4.38	3121
EC:3.1.4.39	3122
EC:3.1.4.4	3123
EC:3.1.4.41	3124
EC:3.1.4.43	3125
EC:3.1.4.44	3126
EC:3.1.4.45	3127
EC:3.1.4.46	3128
EC:3.1.4.50	3129
EC:3.1.4.52	3130
EC:3.1.4.53	3131
EC:3.1.4.54	3132
EC:3.1.4.55	3133
EC:3.1.4.56	3134
EC:3.1.4.57	3135
EC:3.1.4.58	3136
EC:3.1.5.-	3137
EC:3.1.5.1	3138
EC:3.1.6.-	3139
EC:3.1.6.1	3140
EC:3.1.6.12	3141
EC:3.1.6.13	3142
EC:3.1.6.14	3143
EC:3.1.6.2	3144
EC:3.1.6.4	3145
EC:3.1.6.6	3146
EC:3.1.6.8	3147
EC:3.1.7.10	3148
EC:3.1.7.11	3149
EC:3.1.7.12	3150
EC:3.1.7.2	3151
EC:3.1.7.6	3152
EC:3.1.7.8	3153
EC:3.1.7.9	3154
EC:3.1.8.1	3155
EC:3.1.8.2	3156
EC:3.10.1.1	3157
EC:3.11.1.1	3158
EC:3.11.1.2	3159
EC:3.11.1.3	3160
EC:3.12.1.-	3161
EC:3.13.1.1	3162
EC:3.13.1.3	3163
EC:3.13.1.5	3164
EC:3.13.1.6	3165
EC:3.2.-.-	3166
EC:3.2.1.-	3167
EC:3.2.1.1	3168
EC:3.2.1.10	3169
EC:3.2.1.101	3170
EC:3.2.1.102	3171
EC:3.2.1.103	3172
EC:3.2.1.104	3173
EC:3.2.1.105	3174
EC:3.2.1.106	3175
EC:3.2.1.107	3176
EC:3.2.1.108	3177
EC:3.2.1.11	3178
EC:3.2.1.113	3179
EC:3.2.1.114	3180
EC:3.2.1.122	3181
EC:3.2.1.123	3182
EC:3.2.1.125	3183
EC:3.2.1.126	3184
EC:3.2.1.129	3185
EC:3.2.1.130	3186
EC:3.2.1.131	3187
EC:3.2.1.132	3188
EC:3.2.1.133	3189
EC:3.2.1.135	3190
EC:3.2.1.136	3191
EC:3.2.1.139	3192
EC:3.2.1.14	3193
EC:3.2.1.141	3194
EC:3.2.1.142	3195
EC:3.2.1.143	3196
EC:3.2.1.147	3197
EC:3.2.1.15	3198
EC:3.2.1.150	3199
EC:3.2.1.151	3200
EC:3.2.1.152	3201
EC:3.2.1.153	3202
EC:3.2.1.154	3203
EC:3.2.1.155	3204
EC:3.2.1.156	3205
EC:3.2.1.157	3206
EC:3.2.1.158	3207
EC:3.2.1.161	3208
EC:3.2.1.162	3209
EC:3.2.1.164	3210
EC:3.2.1.165	3211
EC:3.2.1.166	3212
EC:3.2.1.167	3213
EC:3.2.1.169	3214
EC:3.2.1.17	3215
EC:3.2.1.170	3216
EC:3.2.1.171	3217
EC:3.2.1.172	3218
EC:3.2.1.175	3219
EC:3.2.1.176	3220
EC:3.2.1.177	3221
EC:3.2.1.178	3222
EC:3.2.1.179	3223
EC:3.2.1.18	3224
EC:3.2.1.180	3225
EC:3.2.1.181	3226
EC:3.2.1.182	3227
EC:3.2.1.183	3228
EC:3.2.1.184	3229
EC:3.2.1.185	3230
EC:3.2.1.186	3231
EC:3.2.1.187	3232
EC:3.2.1.188	3233
EC:3.2.1.196	3234
EC:3.2.1.199	3235
EC:3.2.1.2	3236
EC:3.2.1.20	3237
EC:3.2.1.204	3238
EC:3.2.1.205	3239
EC:3.2.1.206	3240
EC:3.2.1.21	3241
EC:3.2.1.22	3242
EC:3.2.1.23	3243
EC:3.2.1.24	3244
EC:3.2.1.25	3245
EC:3.2.1.26	3246
EC:3.2.1.28	3247
EC:3.2.1.3	3248
EC:3.2.1.31	3249
EC:3.2.1.32	3250
EC:3.2.1.33	3251
EC:3.2.1.35	3252
EC:3.2.1.36	3253
EC:3.2.1.37	3254
EC:3.2.1.38	3255
EC:3.2.1.39	3256
EC:3.2.1.4	3257
EC:3.2.1.40	3258
EC:3.2.1.41	3259
EC:3.2.1.45	3260
EC:3.2.1.46	3261
EC:3.2.1.48	3262
EC:3.2.1.49	3263
EC:3.2.1.50	3264
EC:3.2.1.51	3265
EC:3.2.1.52	3266
EC:3.2.1.54	3267
EC:3.2.1.55	3268
EC:3.2.1.57	3269
EC:3.2.1.58	3270
EC:3.2.1.59	3271
EC:3.2.1.6	3272
EC:3.2.1.60	3273
EC:3.2.1.62	3274
EC:3.2.1.64	3275
EC:3.2.1.67	3276
EC:3.2.1.68	3277
EC:3.2.1.7	3278
EC:3.2.1.70	3279
EC:3.2.1.72	3280
EC:3.2.1.73	3281
EC:3.2.1.74	3282
EC:3.2.1.75	3283
EC:3.2.1.76	3284
EC:3.2.1.78	3285
EC:3.2.1.8	3286
EC:3.2.1.80	3287
EC:3.2.1.81	3288
EC:3.2.1.82	3289
EC:3.2.1.83	3290
EC:3.2.1.84	3291
EC:3.2.1.85	3292
EC:3.2.1.86	3293
EC:3.2.1.89	3294
EC:3.2.1.91	3295
EC:3.2.1.93	3296
EC:3.2.1.94	3297
EC:3.2.1.96	3298
EC:3.2.1.97	3299
EC:3.2.1.98	3300
EC:3.2.1.99	3301
EC:3.2.1.n1	3302
EC:3.2.1.n2	3303
EC:3.2.1.n3	3304
EC:3.2.2.-	3305
EC:3.2.2.1	3306
EC:3.2.2.10	3307
EC:3.2.2.17	3308
EC:3.2.2.19	3309
EC:3.2.2.2	3310
EC:3.2.2.20	3311
EC:3.2.2.21	3312
EC:3.2.2.22	3313
EC:3.2.2.23	3314
EC:3.2.2.24	3315
EC:3.2.2.26	3316
EC:3.2.2.27	3317
EC:3.2.2.28	3318
EC:3.2.2.29	3319
EC:3.2.2.3	3320
EC:3.2.2.30	3321
EC:3.2.2.31	3322
EC:3.2.2.4	3323
EC:3.2.2.5	3324
EC:3.2.2.6	3325
EC:3.2.2.8	3326
EC:3.2.2.9	3327
EC:3.2.2.n1	3328
EC:3.3.-.-	3329
EC:3.3.1.1	3330
EC:3.3.1.2	3331
EC:3.3.2.-	3332
EC:3.3.2.1	3333
EC:3.3.2.10	3334
EC:3.3.2.11	3335
EC:3.3.2.12	3336
EC:3.3.2.13	3337
EC:3.3.2.14	3338
EC:3.3.2.15	3339
EC:3.3.2.2	3340
EC:3.3.2.6	3341
EC:3.3.2.8	3342
EC:3.3.2.9	3343
EC:3.4.-.-	3344
EC:3.4.11.-	3345
EC:3.4.11.1	3346
EC:3.4.11.10	3347
EC:3.4.11.14	3348
EC:3.4.11.15	3349
EC:3.4.11.17	3350
EC:3.4.11.18	3351
EC:3.4.11.19	3352
EC:3.4.11.2	3353
EC:3.4.11.20	3354
EC:3.4.11.21	3355
EC:3.4.11.22	3356
EC:3.4.11.23	3357
EC:3.4.11.24	3358
EC:3.4.11.25	3359
EC:3.4.11.26	3360
EC:3.4.11.3	3361
EC:3.4.11.4	3362
EC:3.4.11.5	3363
EC:3.4.11.6	3364
EC:3.4.11.7	3365
EC:3.4.11.9	3366
EC:3.4.13.-	3367
EC:3.4.13.18	3368
EC:3.4.13.19	3369
EC:3.4.13.20	3370
EC:3.4.13.21	3371
EC:3.4.13.22	3372
EC:3.4.13.9	3373
EC:3.4.14.-	3374
EC:3.4.14.1	3375
EC:3.4.14.10	3376
EC:3.4.14.11	3377
EC:3.4.14.12	3378
EC:3.4.14.13	3379
EC:3.4.14.2	3380
EC:3.4.14.4	3381
EC:3.4.14.5	3382
EC:3.4.14.9	3383
EC:3.4.15.1	3384
EC:3.4.15.5	3385
EC:3.4.15.6	3386
EC:3.4.16.-	3387
EC:3.4.16.2	3388
EC:3.4.16.4	3389
EC:3.4.16.5	3390
EC:3.4.16.6	3391
EC:3.4.17.-	3392
EC:3.4.17.1	3393
EC:3.4.17.10	3394
EC:3.4.17.11	3395
EC:3.4.17.12	3396
EC:3.4.17.13	3397
EC:3.4.17.14	3398
EC:3.4.17.15	3399
EC:3.4.17.17	3400
EC:3.4.17.18	3401
EC:3.4.17.19	3402
EC:3.4.17.2	3403
EC:3.4.17.20	3404
EC:3.4.17.21	3405
EC:3.4.17.22	3406
EC:3.4.17.23	3407
EC:3.4.17.3	3408
EC:3.4.17.4	3409
EC:3.4.18.1	3410
EC:3.4.19.-	3411
EC:3.4.19.1	3412
EC:3.4.19.11	3413
EC:3.4.19.12	3414
EC:3.4.19.13	3415
EC:3.4.19.14	3416
EC:3.4.19.15	3417
EC:3.4.19.16	3418
EC:3.4.19.3	3419
EC:3.4.19.5	3420
EC:3.4.19.6	3421
EC:3.4.19.9	3422
EC:3.4.21.-	3423
EC:3.4.21.1	3424
EC:3.4.21.10	3425
EC:3.4.21.100	3426
EC:3.4.21.101	3427
EC:3.4.21.102	3428
EC:3.4.21.103	3429
EC:3.4.21.104	3430
EC:3.4.21.105	3431
EC:3.4.21.106	3432
EC:3.4.21.107	3433
EC:3.4.21.108	3434
EC:3.4.21.109	3435
EC:3.4.21.110	3436
EC:3.4.21.111	3437
EC:3.4.21.112	3438
EC:3.4.21.113	3439
EC:3.4.21.116	3440
EC:3.4.21.117	3441
EC:3.4.21.118	3442
EC:3.4.21.119	3443
EC:3.4.21.12	3444
EC:3.4.21.120	3445
EC:3.4.21.19	3446
EC:3.4.21.2	3447
EC:3.4.21.20	3448
EC:3.4.21.21	3449
EC:3.4.21.22	3450
EC:3.4.21.25	3451
EC:3.4.21.26	3452
EC:3.4.21.27	3453
EC:3.4.21.32	3454
EC:3.4.21.34	3455
EC:3.4.21.35	3456
EC:3.4.21.36	3457
EC:3.4.21.37	3458
EC:3.4.21.38	3459
EC:3.4.21.39	3460
EC:3.4.21.4	3461
EC:3.4.21.41	3462
EC:3.4.21.42	3463
EC:3.4.21.43	3464
EC:3.4.21.45	3465
EC:3.4.21.46	3466
EC:3.4.21.47	3467
EC:3.4.21.48	3468
EC:3.4.21.49	3469
EC:3.4.21.5	3470
EC:3.4.21.50	3471
EC:3.4.21.53	3472
EC:3.4.21.54	3473
EC:3.4.21.59	3474
EC:3.4.21.6	3475
EC:3.4.21.61	3476
EC:3.4.21.62	3477
EC:3.4.21.63	3478
EC:3.4.21.64	3479
EC:3.4.21.66	3480
EC:3.4.21.68	3481
EC:3.4.21.69	3482
EC:3.4.21.7	3483
EC:3.4.21.70	3484
EC:3.4.21.71	3485
EC:3.4.21.72	3486
EC:3.4.21.73	3487
EC:3.4.21.74	3488
EC:3.4.21.75	3489
EC:3.4.21.76	3490
EC:3.4.21.77	3491
EC:3.4.21.78	3492
EC:3.4.21.79	3493
EC:3.4.21.80	3494
EC:3.4.21.81	3495
EC:3.4.21.82	3496
EC:3.4.21.83	3497
EC:3.4.21.84	3498
EC:3.4.21.85	3499
EC:3.4.21.86	3500
EC:3.4.21.88	3501
EC:3.4.21.89	3502
EC:3.4.21.9	3503
EC:3.4.21.90	3504
EC:3.4.21.91	3505
EC:3.4.21.92	3506
EC:3.4.21.93	3507
EC:3.4.21.94	3508
EC:3.4.21.95	3509
EC:3.4.21.96	3510
EC:3.4.21.97	3511
EC:3.4.21.98	3512
EC:3.4.21.99	3513
EC:3.4.22.-	3514
EC:3.4.22.1	3515
EC:3.4.22.10	3516
EC:3.4.22.14	3517
EC:3.4.22.15	3518
EC:3.4.22.16	3519
EC:3.4.22.2	3520
EC:3.4.22.25	3521
EC:3.4.22.27	3522
EC:3.4.22.28	3523
EC:3.4.22.29	3524
EC:3.4.22.30	3525
EC:3.4.22.31	3526
EC:3.4.22.32	3527
EC:3.4.22.33	3528
EC:3.4.22.34	3529
EC:3.4.22.35	3530
EC:3.4.22.36	3531
EC:3.4.22.37	3532
EC:3.4.22.38	3533
EC:3.4.22.39	3534
EC:3.4.22.40	3535
EC:3.4.22.41	3536
EC:3.4.22.42	3537
EC:3.4.22.43	3538
EC:3.4.22.44	3539
EC:3.4.22.45	3540
EC:3.4.22.46	3541
EC:3.4.22.47	3542
EC:3.4.22.48	3543
EC:3.4.22.49	3544
EC:3.4.22.50	3545
EC:3.4.22.51	3546
EC:3.4.22.52	3547
EC:3.4.22.53	3548
EC:3.4.22.54	3549
EC:3.4.22.55	3550
EC:3.4.22.56	3551
EC:3.4.22.57	3552
EC:3.4.22.58	3553
EC:3.4.22.59	3554
EC:3.4.22.6	3555
EC:3.4.22.60	3556
EC:3.4.22.61	3557
EC:3.4.22.62	3558
EC:3.4.22.63	3559
EC:3.4.22.64	3560
EC:3.4.22.65	3561
EC:3.4.22.66	3562
EC:3.4.22.67	3563
EC:3.4.22.68	3564
EC:3.4.22.69	3565
EC:3.4.22.70	3566
EC:3.4.22.71	3567
EC:3.4.22.8	3568
EC:3.4.23.-	3569
EC:3.4.23.1	3570
EC:3.4.23.12	3571
EC:3.4.23.15	3572
EC:3.4.23.16	3573
EC:3.4.23.18	3574
EC:3.4.23.19	3575
EC:3.4.23.2	3576
EC:3.4.23.20	3577
EC:3.4.23.21	3578
EC:3.4.23.22	3579
EC:3.4.23.23	3580
EC:3.4.23.24	3581
EC:3.4.23.25	3582
EC:3.4.23.29	3583
EC:3.4.23.3	3584
EC:3.4.23.32	3585
EC:3.4.23.34	3586
EC:3.4.23.35	3587
EC:3.4.23.36	3588
EC:3.4.23.38	3589
EC:3.4.23.39	3590
EC:3.4.23.4	3591
EC:3.4.23.40	3592
EC:3.4.23.41	3593
EC:3.4.23.42	3594
EC:3.4.23.43	3595
EC:3.4.23.44	3596
EC:3.4.23.45	3597
EC:3.4.23.46	3598
EC:3.4.23.47	3599
EC:3.4.23.48	3600
EC:3.4.23.49	3601
EC:3.4.23.5	3602
EC:3.4.23.50	3603
EC:3.4.23.51	3604
EC:3.4.23.52	3605
EC:3.4.24.-	3606
EC:3.4.24.11	3607
EC:3.4.24.12	3608
EC:3.4.24.13	3609
EC:3.4.24.14	3610
EC:3.4.24.15	3611
EC:3.4.24.16	3612
EC:3.4.24.17	3613
EC:3.4.24.18	3614
EC:3.4.24.19	3615
EC:3.4.24.20	3616
EC:3.4.24.21	3617
EC:3.4.24.22	3618
EC:3.4.24.23	3619
EC:3.4.24.24	3620
EC:3.4.24.25	3621
EC:3.4.24.26	3622
EC:3.4.24.27	3623
EC:3.4.24.28	3624
EC:3.4.24.29	3625
EC:3.4.24.3	3626
EC:3.4.24.30	3627
EC:3.4.24.31	3628
EC:3.4.24.32	3629
EC:3.4.24.33	3630
EC:3.4.24.34	3631
EC:3.4.24.35	3632
EC:3.4.24.36	3633
EC:3.4.24.37	3634
EC:3.4.24.38	3635
EC:3.4.24.39	3636
EC:3.4.24.40	3637
EC:3.4.24.41	3638
EC:3.4.24.42	3639
EC:3.4.24.44	3640
EC:3.4.24.46	3641
EC:3.4.24.48	3642
EC:3.4.24.49	3643
EC:3.4.24.53	3644
EC:3.4.24.55	3645
EC:3.4.24.56	3646
EC:3.4.24.58	3647
EC:3.4.24.59	3648
EC:3.4.24.61	3649
EC:3.4.24.63	3650
EC:3.4.24.64	3651
EC:3.4.24.65	3652
EC:3.4.24.66	3653
EC:3.4.24.67	3654
EC:3.4.24.68	3655
EC:3.4.24.69	3656
EC:3.4.24.7	3657
EC:3.4.24.70	3658
EC:3.4.24.71	3659
EC:3.4.24.72	3660
EC:3.4.24.74	3661
EC:3.4.24.75	3662
EC:3.4.24.76	3663
EC:3.4.24.77	3664
EC:3.4.24.78	3665
EC:3.4.24.79	3666
EC:3.4.24.80	3667
EC:3.4.24.81	3668
EC:3.4.24.82	3669
EC:3.4.24.83	3670
EC:3.4.24.84	3671
EC:3.4.24.85	3672
EC:3.4.24.86	3673
EC:3.4.24.87	3674
EC:3.4.24.89	3675
EC:3.4.25.-	3676
EC:3.4.25.1	3677
EC:3.4.25.2	3678
EC:3.4.99.-	3679
EC:3.5.-.-	3680
EC:3.5.1.-	3681
EC:3.5.1.1	3682
EC:3.5.1.10	3683
EC:3.5.1.100	3684
EC:3.5.1.101	3685
EC:3.5.1.102	3686
EC:3.5.1.103	3687
EC:3.5.1.104	3688
EC:3.5.1.105	3689
EC:3.5.1.106	3690
EC:3.5.1.107	3691
EC:3.5.1.108	3692
EC:3.5.1.11	3693
EC:3.5.1.110	3694
EC:3.5.1.111	3695
EC:3.5.1.112	3696
EC:3.5.1.113	3697
EC:3.5.1.114	3698
EC:3.5.1.115	3699
EC:3.5.1.116	3700
EC:3.5.1.118	3701
EC:3.5.1.119	3702
EC:3.5.1.12	3703
EC:3.5.1.121	3704
EC:3.5.1.122	3705
EC:3.5.1.124	3706
EC:3.5.1.125	3707
EC:3.5.1.126	3708
EC:3.5.1.127	3709
EC:3.5.1.128	3710
EC:3.5.1.13	3711
EC:3.5.1.14	3712
EC:3.5.1.15	3713
EC:3.5.1.16	3714
EC:3.5.1.18	3715
EC:3.5.1.19	3716
EC:3.5.1.2	3717
EC:3.5.1.23	3718
EC:3.5.1.24	3719
EC:3.5.1.25	3720
EC:3.5.1.26	3721
EC:3.5.1.28	3722
EC:3.5.1.29	3723
EC:3.5.1.3	3724
EC:3.5.1.32	3725
EC:3.5.1.38	3726
EC:3.5.1.4	3727
EC:3.5.1.41	3728
EC:3.5.1.42	3729
EC:3.5.1.44	3730
EC:3.5.1.46	3731
EC:3.5.1.47	3732
EC:3.5.1.48	3733
EC:3.5.1.49	3734
EC:3.5.1.5	3735
EC:3.5.1.52	3736
EC:3.5.1.53	3737
EC:3.5.1.54	3738
EC:3.5.1.56	3739
EC:3.5.1.59	3740
EC:3.5.1.6	3741
EC:3.5.1.62	3742
EC:3.5.1.77	3743
EC:3.5.1.78	3744
EC:3.5.1.79	3745
EC:3.5.1.81	3746
EC:3.5.1.82	3747
EC:3.5.1.83	3748
EC:3.5.1.84	3749
EC:3.5.1.86	3750
EC:3.5.1.87	3751
EC:3.5.1.88	3752
EC:3.5.1.89	3753
EC:3.5.1.9	3754
EC:3.5.1.90	3755
EC:3.5.1.91	3756
EC:3.5.1.92	3757
EC:3.5.1.93	3758
EC:3.5.1.94	3759
EC:3.5.1.96	3760
EC:3.5.1.97	3761
EC:3.5.1.98	3762
EC:3.5.1.99	3763
EC:3.5.1.n3	3764
EC:3.5.2.-	3765
EC:3.5.2.1	3766
EC:3.5.2.10	3767
EC:3.5.2.12	3768
EC:3.5.2.15	3769
EC:3.5.2.17	3770
EC:3.5.2.18	3771
EC:3.5.2.19	3772
EC:3.5.2.2	3773
EC:3.5.2.20	3774
EC:3.5.2.3	3775
EC:3.5.2.5	3776
EC:3.5.2.6	3777
EC:3.5.2.7	3778
EC:3.5.2.9	3779
EC:3.5.3.-	3780
EC:3.5.3.1	3781
EC:3.5.3.10	3782
EC:3.5.3.11	3783
EC:3.5.3.12	3784
EC:3.5.3.15	3785
EC:3.5.3.17	3786
EC:3.5.3.18	3787
EC:3.5.3.22	3788
EC:3.5.3.23	3789
EC:3.5.3.24	3790
EC:3.5.3.25	3791
EC:3.5.3.26	3792
EC:3.5.3.3	3793
EC:3.5.3.4	3794
EC:3.5.3.6	3795
EC:3.5.3.7	3796
EC:3.5.3.8	3797
EC:3.5.3.9	3798
EC:3.5.4.-	3799
EC:3.5.4.1	3800
EC:3.5.4.10	3801
EC:3.5.4.11	3802
EC:3.5.4.12	3803
EC:3.5.4.13	3804
EC:3.5.4.15	3805
EC:3.5.4.16	3806
EC:3.5.4.19	3807
EC:3.5.4.2	3808
EC:3.5.4.23	3809
EC:3.5.4.25	3810
EC:3.5.4.26	3811
EC:3.5.4.27	3812
EC:3.5.4.28	3813
EC:3.5.4.29	3814
EC:3.5.4.3	3815
EC:3.5.4.30	3816
EC:3.5.4.31	3817
EC:3.5.4.32	3818
EC:3.5.4.33	3819
EC:3.5.4.34	3820
EC:3.5.4.35	3821
EC:3.5.4.36	3822
EC:3.5.4.37	3823
EC:3.5.4.38	3824
EC:3.5.4.39	3825
EC:3.5.4.4	3826
EC:3.5.4.40	3827
EC:3.5.4.41	3828
EC:3.5.4.42	3829
EC:3.5.4.43	3830
EC:3.5.4.44	3831
EC:3.5.4.45	3832
EC:3.5.4.5	3833
EC:3.5.4.6	3834
EC:3.5.4.9	3835
EC:3.5.5.1	3836
EC:3.5.5.4	3837
EC:3.5.5.5	3838
EC:3.5.5.7	3839
EC:3.5.5.8	3840
EC:3.5.99.-	3841
EC:3.5.99.10	3842
EC:3.5.99.11	3843
EC:3.5.99.2	3844
EC:3.5.99.5	3845
EC:3.5.99.6	3846
EC:3.5.99.7	3847
EC:3.5.99.8	3848
EC:3.5.99.9	3849
EC:3.6.-.-	3850
EC:3.6.1.-	3851
EC:3.6.1.1	3852
EC:3.6.1.10	3853
EC:3.6.1.11	3854
EC:3.6.1.12	3855
EC:3.6.1.13	3856
EC:3.6.1.15	3857
EC:3.6.1.16	3858
EC:3.6.1.17	3859
EC:3.6.1.18	3860
EC:3.6.1.21	3861
EC:3.6.1.22	3862
EC:3.6.1.23	3863
EC:3.6.1.25	3864
EC:3.6.1.26	3865
EC:3.6.1.27	3866
EC:3.6.1.28	3867
EC:3.6.1.29	3868
EC:3.6.1.3	3869
EC:3.6.1.31	3870
EC:3.6.1.40	3871
EC:3.6.1.41	3872
EC:3.6.1.42	3873
EC:3.6.1.43	3874
EC:3.6.1.45	3875
EC:3.6.1.5	3876
EC:3.6.1.52	3877
EC:3.6.1.53	3878
EC:3.6.1.54	3879
EC:3.6.1.55	3880
EC:3.6.1.56	3881
EC:3.6.1.57	3882
EC:3.6.1.58	3883
EC:3.6.1.59	3884
EC:3.6.1.6	3885
EC:3.6.1.60	3886
EC:3.6.1.61	3887
EC:3.6.1.62	3888
EC:3.6.1.63	3889
EC:3.6.1.64	3890
EC:3.6.1.65	3891
EC:3.6.1.66	3892
EC:3.6.1.67	3893
EC:3.6.1.68	3894
EC:3.6.1.7	3895
EC:3.6.1.8	3896
EC:3.6.1.9	3897
EC:3.6.2.1	3898
EC:3.6.3.-	3899
EC:3.6.3.10	3900
EC:3.6.3.16	3901
EC:3.6.3.17	3902
EC:3.6.3.2	3903
EC:3.6.3.20	3904
EC:3.6.3.24	3905
EC:3.6.3.3	3906
EC:3.6.3.31	3907
EC:3.6.3.32	3908
EC:3.6.3.33	3909
EC:3.6.3.34	3910
EC:3.6.3.38	3911
EC:3.6.3.4	3912
EC:3.6.3.49	3913
EC:3.6.3.5	3914
EC:3.6.3.53	3915
EC:3.6.3.55	3916
EC:3.6.3.8	3917
EC:3.6.3.9	3918
EC:3.6.4.-	3919
EC:3.6.4.10	3920
EC:3.6.4.12	3921
EC:3.6.4.13	3922
EC:3.6.4.6	3923
EC:3.6.4.9	3924
EC:3.6.5.-	3925
EC:3.6.5.2	3926
EC:3.6.5.3	3927
EC:3.6.5.5	3928
EC:3.6.5.n1	3929
EC:3.7.1.-	3930
EC:3.7.1.1	3931
EC:3.7.1.11	3932
EC:3.7.1.12	3933
EC:3.7.1.13	3934
EC:3.7.1.14	3935
EC:3.7.1.17	3936
EC:3.7.1.18	3937
EC:3.7.1.19	3938
EC:3.7.1.2	3939
EC:3.7.1.20	3940
EC:3.7.1.21	3941
EC:3.7.1.22	3942
EC:3.7.1.3	3943
EC:3.7.1.5	3944
EC:3.7.1.7	3945
EC:3.7.1.8	3946
EC:3.7.1.9	3947
EC:3.8.1.-	3948
EC:3.8.1.10	3949
EC:3.8.1.2	3950
EC:3.8.1.3	3951
EC:3.8.1.5	3952
EC:3.8.1.7	3953
EC:3.8.1.8	3954
EC:3.8.1.9	3955
EC:3.9.1.-	3956
EC:3.9.1.2	3957
EC:3.9.1.3	3958
EC:4.-.-.-	3959
EC:4.1.-.-	3960
EC:4.1.1.-	3961
EC:4.1.1.1	3962
EC:4.1.1.100	3963
EC:4.1.1.101	3964
EC:4.1.1.102	3965
EC:4.1.1.104	3966
EC:4.1.1.105	3967
EC:4.1.1.107	3968
EC:4.1.1.11	3969
EC:4.1.1.110	3970
EC:4.1.1.112	3971
EC:4.1.1.12	3972
EC:4.1.1.15	3973
EC:4.1.1.17	3974
EC:4.1.1.18	3975
EC:4.1.1.19	3976
EC:4.1.1.2	3977
EC:4.1.1.20	3978
EC:4.1.1.21	3979
EC:4.1.1.22	3980
EC:4.1.1.23	3981
EC:4.1.1.25	3982
EC:4.1.1.28	3983
EC:4.1.1.29	3984
EC:4.1.1.31	3985
EC:4.1.1.32	3986
EC:4.1.1.33	3987
EC:4.1.1.35	3988
EC:4.1.1.36	3989
EC:4.1.1.37	3990
EC:4.1.1.38	3991
EC:4.1.1.39	3992
EC:4.1.1.4	3993
EC:4.1.1.43	3994
EC:4.1.1.44	3995
EC:4.1.1.45	3996
EC:4.1.1.46	3997
EC:4.1.1.47	3998
EC:4.1.1.48	3999
EC:4.1.1.49	4000
EC:4.1.1.5	4001
EC:4.1.1.50	4002
EC:4.1.1.51	4003
EC:4.1.1.55	4004
EC:4.1.1.59	4005
EC:4.1.1.6	4006
EC:4.1.1.61	4007
EC:4.1.1.63	4008
EC:4.1.1.64	4009
EC:4.1.1.65	4010
EC:4.1.1.68	4011
EC:4.1.1.7	4012
EC:4.1.1.70	4013
EC:4.1.1.71	4014
EC:4.1.1.72	4015
EC:4.1.1.73	4016
EC:4.1.1.74	4017
EC:4.1.1.75	4018
EC:4.1.1.76	4019
EC:4.1.1.77	4020
EC:4.1.1.79	4021
EC:4.1.1.8	4022
EC:4.1.1.80	4023
EC:4.1.1.81	4024
EC:4.1.1.82	4025
EC:4.1.1.83	4026
EC:4.1.1.84	4027
EC:4.1.1.85	4028
EC:4.1.1.86	4029
EC:4.1.1.87	4030
EC:4.1.1.9	4031
EC:4.1.1.90	4032
EC:4.1.1.91	4033
EC:4.1.1.94	4034
EC:4.1.1.95	4035
EC:4.1.1.96	4036
EC:4.1.1.97	4037
EC:4.1.1.98	4038
EC:4.1.1.99	4039
EC:4.1.2.-	4040
EC:4.1.2.10	4041
EC:4.1.2.11	4042
EC:4.1.2.13	4043
EC:4.1.2.14	4044
EC:4.1.2.17	4045
EC:4.1.2.19	4046
EC:4.1.2.20	4047
EC:4.1.2.21	4048
EC:4.1.2.22	4049
EC:4.1.2.25	4050
EC:4.1.2.27	4051
EC:4.1.2.28	4052
EC:4.1.2.29	4053
EC:4.1.2.34	4054
EC:4.1.2.38	4055
EC:4.1.2.4	4056
EC:4.1.2.40	4057
EC:4.1.2.41	4058
EC:4.1.2.42	4059
EC:4.1.2.43	4060
EC:4.1.2.44	4061
EC:4.1.2.45	4062
EC:4.1.2.46	4063
EC:4.1.2.47	4064
EC:4.1.2.48	4065
EC:4.1.2.49	4066
EC:4.1.2.50	4067
EC:4.1.2.51	4068
EC:4.1.2.52	4069
EC:4.1.2.53	4070
EC:4.1.2.54	4071
EC:4.1.2.55	4072
EC:4.1.2.56	4073
EC:4.1.2.57	4074
EC:4.1.2.58	4075
EC:4.1.2.59	4076
EC:4.1.2.8	4077
EC:4.1.2.9	4078
EC:4.1.3.-	4079
EC:4.1.3.1	4080
EC:4.1.3.16	4081
EC:4.1.3.17	4082
EC:4.1.3.22	4083
EC:4.1.3.24	4084
EC:4.1.3.25	4085
EC:4.1.3.26	4086
EC:4.1.3.27	4087
EC:4.1.3.3	4088
EC:4.1.3.30	4089
EC:4.1.3.32	4090
EC:4.1.3.34	4091
EC:4.1.3.36	4092
EC:4.1.3.38	4093
EC:4.1.3.39	4094
EC:4.1.3.4	4095
EC:4.1.3.40	4096
EC:4.1.3.41	4097
EC:4.1.3.43	4098
EC:4.1.3.44	4099
EC:4.1.3.45	4100
EC:4.1.3.46	4101
EC:4.1.3.6	4102
EC:4.1.99.-	4103
EC:4.1.99.1	4104
EC:4.1.99.11	4105
EC:4.1.99.12	4106
EC:4.1.99.13	4107
EC:4.1.99.14	4108
EC:4.1.99.16	4109
EC:4.1.99.17	4110
EC:4.1.99.19	4111
EC:4.1.99.2	4112
EC:4.1.99.20	4113
EC:4.1.99.22	4114
EC:4.1.99.23	4115
EC:4.1.99.3	4116
EC:4.1.99.5	4117
EC:4.2.-.-	4118
EC:4.2.1.-	4119
EC:4.2.1.1	4120
EC:4.2.1.10	4121
EC:4.2.1.100	4122
EC:4.2.1.101	4123
EC:4.2.1.103	4124
EC:4.2.1.104	4125
EC:4.2.1.105	4126
EC:4.2.1.106	4127
EC:4.2.1.107	4128
EC:4.2.1.108	4129
EC:4.2.1.109	4130
EC:4.2.1.11	4131
EC:4.2.1.110	4132
EC:4.2.1.112	4133
EC:4.2.1.113	4134
EC:4.2.1.114	4135
EC:4.2.1.115	4136
EC:4.2.1.116	4137
EC:4.2.1.117	4138
EC:4.2.1.118	4139
EC:4.2.1.119	4140
EC:4.2.1.12	4141
EC:4.2.1.120	4142
EC:4.2.1.121	4143
EC:4.2.1.124	4144
EC:4.2.1.125	4145
EC:4.2.1.126	4146
EC:4.2.1.127	4147
EC:4.2.1.128	4148
EC:4.2.1.129	4149
EC:4.2.1.130	4150
EC:4.2.1.131	4151
EC:4.2.1.132	4152
EC:4.2.1.133	4153
EC:4.2.1.134	4154
EC:4.2.1.135	4155
EC:4.2.1.136	4156
EC:4.2.1.137	4157
EC:4.2.1.138	4158
EC:4.2.1.140	4159
EC:4.2.1.141	4160
EC:4.2.1.142	4161
EC:4.2.1.143	4162
EC:4.2.1.144	4163
EC:4.2.1.145	4164
EC:4.2.1.146	4165
EC:4.2.1.147	4166
EC:4.2.1.148	4167
EC:4.2.1.149	4168
EC:4.2.1.150	4169
EC:4.2.1.151	4170
EC:4.2.1.152	4171
EC:4.2.1.153	4172
EC:4.2.1.154	4173
EC:4.2.1.155	4174
EC:4.2.1.156	4175
EC:4.2.1.157	4176
EC:4.2.1.158	4177
EC:4.2.1.159	4178
EC:4.2.1.161	4179
EC:4.2.1.162	4180
EC:4.2.1.163	4181
EC:4.2.1.164	4182
EC:4.2.1.167	4183
EC:4.2.1.168	4184
EC:4.2.1.17	4185
EC:4.2.1.171	4186
EC:4.2.1.172	4187
EC:4.2.1.18	4188
EC:4.2.1.19	4189
EC:4.2.1.2	4190
EC:4.2.1.20	4191
EC:4.2.1.22	4192
EC:4.2.1.24	4193
EC:4.2.1.25	4194
EC:4.2.1.28	4195
EC:4.2.1.3	4196
EC:4.2.1.30	4197
EC:4.2.1.31	4198
EC:4.2.1.32	4199
EC:4.2.1.33	4200
EC:4.2.1.35	4201
EC:4.2.1.36	4202
EC:4.2.1.39	4203
EC:4.2.1.40	4204
EC:4.2.1.41	4205
EC:4.2.1.42	4206
EC:4.2.1.43	4207
EC:4.2.1.44	4208
EC:4.2.1.45	4209
EC:4.2.1.46	4210
EC:4.2.1.47	4211
EC:4.2.1.48	4212
EC:4.2.1.49	4213
EC:4.2.1.5	4214
EC:4.2.1.50	4215
EC:4.2.1.51	4216
EC:4.2.1.53	4217
EC:4.2.1.55	4218
EC:4.2.1.56	4219
EC:4.2.1.59	4220
EC:4.2.1.6	4221
EC:4.2.1.65	4222
EC:4.2.1.66	4223
EC:4.2.1.68	4224
EC:4.2.1.69	4225
EC:4.2.1.7	4226
EC:4.2.1.70	4227
EC:4.2.1.75	4228
EC:4.2.1.76	4229
EC:4.2.1.77	4230
EC:4.2.1.78	4231
EC:4.2.1.79	4232
EC:4.2.1.8	4233
EC:4.2.1.80	4234
EC:4.2.1.81	4235
EC:4.2.1.82	4236
EC:4.2.1.83	4237
EC:4.2.1.84	4238
EC:4.2.1.85	4239
EC:4.2.1.9	4240
EC:4.2.1.90	4241
EC:4.2.1.91	4242
EC:4.2.1.92	4243
EC:4.2.1.93	4244
EC:4.2.1.94	4245
EC:4.2.1.95	4246
EC:4.2.1.96	4247
EC:4.2.1.99	4248
EC:4.2.2.-	4249
EC:4.2.2.1	4250
EC:4.2.2.10	4251
EC:4.2.2.12	4252
EC:4.2.2.14	4253
EC:4.2.2.15	4254
EC:4.2.2.17	4255
EC:4.2.2.19	4256
EC:4.2.2.2	4257
EC:4.2.2.20	4258
EC:4.2.2.21	4259
EC:4.2.2.22	4260
EC:4.2.2.23	4261
EC:4.2.2.24	4262
EC:4.2.2.25	4263
EC:4.2.2.26	4264
EC:4.2.2.3	4265
EC:4.2.2.5	4266
EC:4.2.2.6	4267
EC:4.2.2.7	4268
EC:4.2.2.8	4269
EC:4.2.2.9	4270
EC:4.2.2.n1	4271
EC:4.2.2.n2	4272
EC:4.2.3.-	4273
EC:4.2.3.1	4274
EC:4.2.3.10	4275
EC:4.2.3.100	4276
EC:4.2.3.101	4277
EC:4.2.3.102	4278
EC:4.2.3.103	4279
EC:4.2.3.104	4280
EC:4.2.3.105	4281
EC:4.2.3.106	4282
EC:4.2.3.107	4283
EC:4.2.3.108	4284
EC:4.2.3.110	4285
EC:4.2.3.111	4286
EC:4.2.3.112	4287
EC:4.2.3.113	4288
EC:4.2.3.114	4289
EC:4.2.3.115	4290
EC:4.2.3.116	4291
EC:4.2.3.117	4292
EC:4.2.3.118	4293
EC:4.2.3.119	4294
EC:4.2.3.12	4295
EC:4.2.3.120	4296
EC:4.2.3.121	4297
EC:4.2.3.123	4298
EC:4.2.3.124	4299
EC:4.2.3.125	4300
EC:4.2.3.126	4301
EC:4.2.3.127	4302
EC:4.2.3.128	4303
EC:4.2.3.129	4304
EC:4.2.3.13	4305
EC:4.2.3.130	4306
EC:4.2.3.131	4307
EC:4.2.3.132	4308
EC:4.2.3.133	4309
EC:4.2.3.134	4310
EC:4.2.3.135	4311
EC:4.2.3.136	4312
EC:4.2.3.137	4313
EC:4.2.3.138	4314
EC:4.2.3.139	4315
EC:4.2.3.140	4316
EC:4.2.3.143	4317
EC:4.2.3.144	4318
EC:4.2.3.145	4319
EC:4.2.3.146	4320
EC:4.2.3.147	4321
EC:4.2.3.148	4322
EC:4.2.3.149	4323
EC:4.2.3.15	4324
EC:4.2.3.150	4325
EC:4.2.3.151	4326
EC:4.2.3.152	4327
EC:4.2.3.153	4328
EC:4.2.3.154	4329
EC:4.2.3.155	4330
EC:4.2.3.156	4331
EC:4.2.3.158	4332
EC:4.2.3.159	4333
EC:4.2.3.16	4334
EC:4.2.3.162	4335
EC:4.2.3.163	4336
EC:4.2.3.164	4337
EC:4.2.3.165	4338
EC:4.2.3.166	4339
EC:4.2.3.167	4340
EC:4.2.3.168	4341
EC:4.2.3.169	4342
EC:4.2.3.17	4343
EC:4.2.3.170	4344
EC:4.2.3.171	4345
EC:4.2.3.18	4346
EC:4.2.3.181	4347
EC:4.2.3.182	4348
EC:4.2.3.187	4349
EC:4.2.3.19	4350
EC:4.2.3.192	4351
EC:4.2.3.193	4352
EC:4.2.3.195	4353
EC:4.2.3.2	4354
EC:4.2.3.20	4355
EC:4.2.3.21	4356
EC:4.2.3.22	4357
EC:4.2.3.23	4358
EC:4.2.3.24	4359
EC:4.2.3.25	4360
EC:4.2.3.26	4361
EC:4.2.3.27	4362
EC:4.2.3.28	4363
EC:4.2.3.29	4364
EC:4.2.3.3	4365
EC:4.2.3.30	4366
EC:4.2.3.31	4367
EC:4.2.3.32	4368
EC:4.2.3.33	4369
EC:4.2.3.34	4370
EC:4.2.3.35	4371
EC:4.2.3.36	4372
EC:4.2.3.37	4373
EC:4.2.3.38	4374
EC:4.2.3.39	4375
EC:4.2.3.4	4376
EC:4.2.3.40	4377
EC:4.2.3.42	4378
EC:4.2.3.43	4379
EC:4.2.3.44	4380
EC:4.2.3.45	4381
EC:4.2.3.46	4382
EC:4.2.3.47	4383
EC:4.2.3.48	4384
EC:4.2.3.49	4385
EC:4.2.3.5	4386
EC:4.2.3.50	4387
EC:4.2.3.51	4388
EC:4.2.3.52	4389
EC:4.2.3.53	4390
EC:4.2.3.54	4391
EC:4.2.3.55	4392
EC:4.2.3.56	4393
EC:4.2.3.57	4394
EC:4.2.3.58	4395
EC:4.2.3.59	4396
EC:4.2.3.6	4397
EC:4.2.3.60	4398
EC:4.2.3.61	4399
EC:4.2.3.62	4400
EC:4.2.3.65	4401
EC:4.2.3.67	4402
EC:4.2.3.68	4403
EC:4.2.3.69	4404
EC:4.2.3.7	4405
EC:4.2.3.70	4406
EC:4.2.3.71	4407
EC:4.2.3.73	4408
EC:4.2.3.74	4409
EC:4.2.3.75	4410
EC:4.2.3.76	4411
EC:4.2.3.77	4412
EC:4.2.3.78	4413
EC:4.2.3.79	4414
EC:4.2.3.8	4415
EC:4.2.3.81	4416
EC:4.2.3.82	4417
EC:4.2.3.83	4418
EC:4.2.3.84	4419
EC:4.2.3.85	4420
EC:4.2.3.86	4421
EC:4.2.3.87	4422
EC:4.2.3.88	4423
EC:4.2.3.89	4424
EC:4.2.3.9	4425
EC:4.2.3.90	4426
EC:4.2.3.91	4427
EC:4.2.3.92	4428
EC:4.2.3.93	4429
EC:4.2.3.94	4430
EC:4.2.3.96	4431
EC:4.2.3.97	4432
EC:4.2.3.98	4433
EC:4.2.3.n11	4434
EC:4.2.99.-	4435
EC:4.2.99.18	4436
EC:4.2.99.20	4437
EC:4.2.99.21	4438
EC:4.2.99.22	4439
EC:4.2.99.23	4440
EC:4.3.-.-	4441
EC:4.3.1.-	4442
EC:4.3.1.1	4443
EC:4.3.1.12	4444
EC:4.3.1.14	4445
EC:4.3.1.15	4446
EC:4.3.1.16	4447
EC:4.3.1.17	4448
EC:4.3.1.18	4449
EC:4.3.1.19	4450
EC:4.3.1.2	4451
EC:4.3.1.23	4452
EC:4.3.1.24	4453
EC:4.3.1.25	4454
EC:4.3.1.27	4455
EC:4.3.1.28	4456
EC:4.3.1.29	4457
EC:4.3.1.3	4458
EC:4.3.1.30	4459
EC:4.3.1.32	4460
EC:4.3.1.4	4461
EC:4.3.1.7	4462
EC:4.3.1.9	4463
EC:4.3.2.1	4464
EC:4.3.2.10	4465
EC:4.3.2.2	4466
EC:4.3.2.3	4467
EC:4.3.2.5	4468
EC:4.3.2.6	4469
EC:4.3.2.7	4470
EC:4.3.2.8	4471
EC:4.3.2.9	4472
EC:4.3.3.2	4473
EC:4.3.3.5	4474
EC:4.3.3.6	4475
EC:4.3.3.7	4476
EC:4.3.99.3	4477
EC:4.3.99.4	4478
EC:4.4.-.-	4479
EC:4.4.1.-	4480
EC:4.4.1.1	4481
EC:4.4.1.11	4482
EC:4.4.1.13	4483
EC:4.4.1.14	4484
EC:4.4.1.15	4485
EC:4.4.1.16	4486
EC:4.4.1.17	4487
EC:4.4.1.19	4488
EC:4.4.1.2	4489
EC:4.4.1.20	4490
EC:4.4.1.21	4491
EC:4.4.1.22	4492
EC:4.4.1.23	4493
EC:4.4.1.24	4494
EC:4.4.1.25	4495
EC:4.4.1.26	4496
EC:4.4.1.28	4497
EC:4.4.1.3	4498
EC:4.4.1.35	4499
EC:4.4.1.37	4500
EC:4.4.1.4	4501
EC:4.4.1.5	4502
EC:4.4.1.9	4503
EC:4.5.1.-	4504
EC:4.5.1.1	4505
EC:4.5.1.3	4506
EC:4.5.1.5	4507
EC:4.6.1.-	4508
EC:4.6.1.1	4509
EC:4.6.1.12	4510
EC:4.6.1.13	4511
EC:4.6.1.14	4512
EC:4.6.1.15	4513
EC:4.6.1.16	4514
EC:4.6.1.17	4515
EC:4.6.1.2	4516
EC:4.7.1.1	4517
EC:4.99.1.1	4518
EC:4.99.1.11	4519
EC:4.99.1.12	4520
EC:4.99.1.2	4521
EC:4.99.1.3	4522
EC:4.99.1.4	4523
EC:4.99.1.6	4524
EC:4.99.1.7	4525
EC:4.99.1.8	4526
EC:5.-.-.-	4527
EC:5.1.-.-	4528
EC:5.1.1.-	4529
EC:5.1.1.1	4530
EC:5.1.1.11	4531
EC:5.1.1.12	4532
EC:5.1.1.13	4533
EC:5.1.1.15	4534
EC:5.1.1.17	4535
EC:5.1.1.18	4536
EC:5.1.1.19	4537
EC:5.1.1.20	4538
EC:5.1.1.21	4539
EC:5.1.1.22	4540
EC:5.1.1.3	4541
EC:5.1.1.4	4542
EC:5.1.1.5	4543
EC:5.1.1.7	4544
EC:5.1.1.8	4545
EC:5.1.1.9	4546
EC:5.1.2.1	4547
EC:5.1.2.2	4548
EC:5.1.2.3	4549
EC:5.1.3.-	4550
EC:5.1.3.1	4551
EC:5.1.3.10	4552
EC:5.1.3.11	4553
EC:5.1.3.12	4554
EC:5.1.3.13	4555
EC:5.1.3.14	4556
EC:5.1.3.15	4557
EC:5.1.3.17	4558
EC:5.1.3.18	4559
EC:5.1.3.19	4560
EC:5.1.3.2	4561
EC:5.1.3.20	4562
EC:5.1.3.21	4563
EC:5.1.3.22	4564
EC:5.1.3.23	4565
EC:5.1.3.24	4566
EC:5.1.3.25	4567
EC:5.1.3.26	4568
EC:5.1.3.27	4569
EC:5.1.3.29	4570
EC:5.1.3.3	4571
EC:5.1.3.30	4572
EC:5.1.3.31	4573
EC:5.1.3.32	4574
EC:5.1.3.33	4575
EC:5.1.3.34	4576
EC:5.1.3.35	4577
EC:5.1.3.37	4578
EC:5.1.3.4	4579
EC:5.1.3.41	4580
EC:5.1.3.5	4581
EC:5.1.3.6	4582
EC:5.1.3.7	4583
EC:5.1.3.8	4584
EC:5.1.3.9	4585
EC:5.1.99.-	4586
EC:5.1.99.1	4587
EC:5.1.99.4	4588
EC:5.1.99.5	4589
EC:5.1.99.6	4590
EC:5.1.99.8	4591
EC:5.2.1.-	4592
EC:5.2.1.1	4593
EC:5.2.1.12	4594
EC:5.2.1.13	4595
EC:5.2.1.14	4596
EC:5.2.1.2	4597
EC:5.2.1.4	4598
EC:5.2.1.8	4599
EC:5.3.1.-	4600
EC:5.3.1.1	4601
EC:5.3.1.12	4602
EC:5.3.1.13	4603
EC:5.3.1.14	4604
EC:5.3.1.15	4605
EC:5.3.1.16	4606
EC:5.3.1.17	4607
EC:5.3.1.22	4608
EC:5.3.1.23	4609
EC:5.3.1.24	4610
EC:5.3.1.25	4611
EC:5.3.1.26	4612
EC:5.3.1.27	4613
EC:5.3.1.28	4614
EC:5.3.1.29	4615
EC:5.3.1.3	4616
EC:5.3.1.30	4617
EC:5.3.1.31	4618
EC:5.3.1.32	4619
EC:5.3.1.33	4620
EC:5.3.1.34	4621
EC:5.3.1.35	4622
EC:5.3.1.4	4623
EC:5.3.1.5	4624
EC:5.3.1.6	4625
EC:5.3.1.8	4626
EC:5.3.1.9	4627
EC:5.3.2.-	4628
EC:5.3.2.1	4629
EC:5.3.2.2	4630
EC:5.3.2.3	4631
EC:5.3.2.5	4632
EC:5.3.2.6	4633
EC:5.3.2.8	4634
EC:5.3.3.-	4635
EC:5.3.3.1	4636
EC:5.3.3.10	4637
EC:5.3.3.12	4638
EC:5.3.3.13	4639
EC:5.3.3.14	4640
EC:5.3.3.17	4641
EC:5.3.3.18	4642
EC:5.3.3.19	4643
EC:5.3.3.2	4644
EC:5.3.3.3	4645
EC:5.3.3.4	4646
EC:5.3.3.5	4647
EC:5.3.3.6	4648
EC:5.3.3.7	4649
EC:5.3.3.8	4650
EC:5.3.4.1	4651
EC:5.3.99.10	4652
EC:5.3.99.11	4653
EC:5.3.99.2	4654
EC:5.3.99.3	4655
EC:5.3.99.4	4656
EC:5.3.99.5	4657
EC:5.3.99.6	4658
EC:5.3.99.7	4659
EC:5.3.99.8	4660
EC:5.3.99.9	4661
EC:5.4.-.-	4662
EC:5.4.1.3	4663
EC:5.4.1.4	4664
EC:5.4.2.-	4665
EC:5.4.2.10	4666
EC:5.4.2.11	4667
EC:5.4.2.12	4668
EC:5.4.2.2	4669
EC:5.4.2.3	4670
EC:5.4.2.4	4671
EC:5.4.2.6	4672
EC:5.4.2.7	4673
EC:5.4.2.8	4674
EC:5.4.2.9	4675
EC:5.4.3.-	4676
EC:5.4.3.10	4677
EC:5.4.3.2	4678
EC:5.4.3.3	4679
EC:5.4.3.5	4680
EC:5.4.3.6	4681
EC:5.4.3.8	4682
EC:5.4.3.9	4683
EC:5.4.4.1	4684
EC:5.4.4.2	4685
EC:5.4.4.3	4686
EC:5.4.4.4	4687
EC:5.4.4.5	4688
EC:5.4.4.6	4689
EC:5.4.4.7	4690
EC:5.4.99.-	4691
EC:5.4.99.1	4692
EC:5.4.99.12	4693
EC:5.4.99.13	4694
EC:5.4.99.15	4695
EC:5.4.99.16	4696
EC:5.4.99.17	4697
EC:5.4.99.18	4698
EC:5.4.99.19	4699
EC:5.4.99.2	4700
EC:5.4.99.20	4701
EC:5.4.99.21	4702
EC:5.4.99.22	4703
EC:5.4.99.23	4704
EC:5.4.99.24	4705
EC:5.4.99.25	4706
EC:5.4.99.26	4707
EC:5.4.99.27	4708
EC:5.4.99.28	4709
EC:5.4.99.29	4710
EC:5.4.99.30	4711
EC:5.4.99.31	4712
EC:5.4.99.32	4713
EC:5.4.99.33	4714
EC:5.4.99.34	4715
EC:5.4.99.35	4716
EC:5.4.99.36	4717
EC:5.4.99.38	4718
EC:5.4.99.39	4719
EC:5.4.99.4	4720
EC:5.4.99.40	4721
EC:5.4.99.41	4722
EC:5.4.99.42	4723
EC:5.4.99.43	4724
EC:5.4.99.44	4725
EC:5.4.99.45	4726
EC:5.4.99.46	4727
EC:5.4.99.47	4728
EC:5.4.99.48	4729
EC:5.4.99.49	4730
EC:5.4.99.5	4731
EC:5.4.99.50	4732
EC:5.4.99.51	4733
EC:5.4.99.52	4734
EC:5.4.99.53	4735
EC:5.4.99.54	4736
EC:5.4.99.55	4737
EC:5.4.99.56	4738
EC:5.4.99.57	4739
EC:5.4.99.58	4740
EC:5.4.99.59	4741
EC:5.4.99.60	4742
EC:5.4.99.61	4743
EC:5.4.99.62	4744
EC:5.4.99.65	4745
EC:5.4.99.66	4746
EC:5.4.99.7	4747
EC:5.4.99.8	4748
EC:5.4.99.9	4749
EC:5.5.1.-	4750
EC:5.5.1.1	4751
EC:5.5.1.12	4752
EC:5.5.1.13	4753
EC:5.5.1.14	4754
EC:5.5.1.15	4755
EC:5.5.1.16	4756
EC:5.5.1.17	4757
EC:5.5.1.18	4758
EC:5.5.1.19	4759
EC:5.5.1.2	4760
EC:5.5.1.20	4761
EC:5.5.1.23	4762
EC:5.5.1.24	4763
EC:5.5.1.25	4764
EC:5.5.1.27	4765
EC:5.5.1.29	4766
EC:5.5.1.30	4767
EC:5.5.1.4	4768
EC:5.5.1.5	4769
EC:5.5.1.6	4770
EC:5.5.1.7	4771
EC:5.5.1.8	4772
EC:5.5.1.9	4773
EC:5.6.1.1	4774
EC:5.99.1.-	4775
EC:5.99.1.2	4776
EC:5.99.1.3	4777
EC:5.99.1.4	4778
EC:6.-.-.-	4779
EC:6.1.-.-	4780
EC:6.1.1.-	4781
EC:6.1.1.1	4782
EC:6.1.1.10	4783
EC:6.1.1.11	4784
EC:6.1.1.12	4785
EC:6.1.1.14	4786
EC:6.1.1.15	4787
EC:6.1.1.16	4788
EC:6.1.1.17	4789
EC:6.1.1.18	4790
EC:6.1.1.19	4791
EC:6.1.1.2	4792
EC:6.1.1.20	4793
EC:6.1.1.21	4794
EC:6.1.1.22	4795
EC:6.1.1.23	4796
EC:6.1.1.26	4797
EC:6.1.1.27	4798
EC:6.1.1.3	4799
EC:6.1.1.4	4800
EC:6.1.1.5	4801
EC:6.1.1.6	4802
EC:6.1.1.7	4803
EC:6.1.1.9	4804
EC:6.1.2.-	4805
EC:6.1.2.1	4806
EC:6.1.2.2	4807
EC:6.2.-.-	4808
EC:6.2.1.-	4809
EC:6.2.1.1	4810
EC:6.2.1.12	4811
EC:6.2.1.13	4812
EC:6.2.1.14	4813
EC:6.2.1.16	4814
EC:6.2.1.17	4815
EC:6.2.1.19	4816
EC:6.2.1.2	4817
EC:6.2.1.20	4818
EC:6.2.1.22	4819
EC:6.2.1.25	4820
EC:6.2.1.26	4821
EC:6.2.1.27	4822
EC:6.2.1.3	4823
EC:6.2.1.30	4824
EC:6.2.1.32	4825
EC:6.2.1.33	4826
EC:6.2.1.35	4827
EC:6.2.1.36	4828
EC:6.2.1.37	4829
EC:6.2.1.39	4830
EC:6.2.1.4	4831
EC:6.2.1.40	4832
EC:6.2.1.41	4833
EC:6.2.1.42	4834
EC:6.2.1.43	4835
EC:6.2.1.44	4836
EC:6.2.1.45	4837
EC:6.2.1.46	4838
EC:6.2.1.48	4839
EC:6.2.1.5	4840
EC:6.2.1.50	4841
EC:6.2.1.51	4842
EC:6.2.1.7	4843
EC:6.2.1.8	4844
EC:6.2.1.9	4845
EC:6.2.1.n2	4846
EC:6.2.1.n3	4847
EC:6.3.1.-	4848
EC:6.3.1.1	4849
EC:6.3.1.11	4850
EC:6.3.1.12	4851
EC:6.3.1.13	4852
EC:6.3.1.14	4853
EC:6.3.1.15	4854
EC:6.3.1.17	4855
EC:6.3.1.18	4856
EC:6.3.1.19	4857
EC:6.3.1.2	4858
EC:6.3.1.20	4859
EC:6.3.1.5	4860
EC:6.3.1.6	4861
EC:6.3.1.8	4862
EC:6.3.1.9	4863
EC:6.3.2.-	4864
EC:6.3.2.1	4865
EC:6.3.2.10	4866
EC:6.3.2.11	4867
EC:6.3.2.12	4868
EC:6.3.2.13	4869
EC:6.3.2.14	4870
EC:6.3.2.17	4871
EC:6.3.2.2	4872
EC:6.3.2.20	4873
EC:6.3.2.25	4874
EC:6.3.2.26	4875
EC:6.3.2.29	4876
EC:6.3.2.3	4877
EC:6.3.2.30	4878
EC:6.3.2.31	4879
EC:6.3.2.32	4880
EC:6.3.2.33	4881
EC:6.3.2.34	4882
EC:6.3.2.36	4883
EC:6.3.2.37	4884
EC:6.3.2.38	4885
EC:6.3.2.39	4886
EC:6.3.2.4	4887
EC:6.3.2.41	4888
EC:6.3.2.42	4889
EC:6.3.2.43	4890
EC:6.3.2.44	4891
EC:6.3.2.45	4892
EC:6.3.2.46	4893
EC:6.3.2.47	4894
EC:6.3.2.48	4895
EC:6.3.2.49	4896
EC:6.3.2.5	4897
EC:6.3.2.6	4898
EC:6.3.2.7	4899
EC:6.3.2.8	4900
EC:6.3.2.9	4901
EC:6.3.2.n3	4902
EC:6.3.3.-	4903
EC:6.3.3.1	4904
EC:6.3.3.2	4905
EC:6.3.3.3	4906
EC:6.3.3.4	4907
EC:6.3.3.5	4908
EC:6.3.3.6	4909
EC:6.3.3.7	4910
EC:6.3.4.-	4911
EC:6.3.4.10	4912
EC:6.3.4.11	4913
EC:6.3.4.12	4914
EC:6.3.4.13	4915
EC:6.3.4.14	4916
EC:6.3.4.15	4917
EC:6.3.4.16	4918
EC:6.3.4.18	4919
EC:6.3.4.19	4920
EC:6.3.4.2	4921
EC:6.3.4.20	4922
EC:6.3.4.21	4923
EC:6.3.4.22	4924
EC:6.3.4.23	4925
EC:6.3.4.24	4926
EC:6.3.4.3	4927
EC:6.3.4.4	4928
EC:6.3.4.5	4929
EC:6.3.4.6	4930
EC:6.3.4.9	4931
EC:6.3.5.-	4932
EC:6.3.5.1	4933
EC:6.3.5.11	4934
EC:6.3.5.12	4935
EC:6.3.5.2	4936
EC:6.3.5.3	4937
EC:6.3.5.4	4938
EC:6.3.5.5	4939
EC:6.3.5.7	4940
EC:6.3.5.9	4941
EC:6.4.-.-	4942
EC:6.4.1.-	4943
EC:6.4.1.1	4944
EC:6.4.1.2	4945
EC:6.4.1.3	4946
EC:6.4.1.4	4947
EC:6.4.1.6	4948
EC:6.4.1.7	4949
EC:6.4.1.8	4950
EC:6.4.1.9	4951
EC:6.5.-.-	4952
EC:6.5.1.-	4953
EC:6.5.1.1	4954
EC:6.5.1.2	4955
EC:6.5.1.3	4956
EC:6.5.1.4	4957
EC:6.5.1.5	4958
EC:6.5.1.6	4959
EC:6.5.1.7	4960
EC:6.6.1.1	4961
EC:6.6.1.2	4962
EC:7.-.-.-	4963
EC:7.1.1.-	4964
EC:7.1.1.1	4965
EC:7.1.1.2	4966
EC:7.1.1.3	4967
EC:7.1.1.6	4968
EC:7.1.1.7	4969
EC:7.1.2.1	4970
EC:7.1.2.2	4971
EC:7.1.3.1	4972
EC:7.2.1.-	4973
EC:7.2.1.1	4974
EC:7.2.1.2	4975
EC:7.2.1.3	4976
EC:7.2.2.1	4977
EC:7.2.2.2	4978
EC:7.2.2.3	4979
EC:7.2.2.4	4980
EC:7.2.2.5	4981
EC:7.2.2.6	4982
EC:7.2.2.7	4983
EC:7.2.2.8	4984
EC:7.2.3.-	4985
EC:7.2.4.1	4986
EC:7.2.4.2	4987
EC:7.2.4.3	4988
EC:7.3.2.1	4989
EC:7.3.2.2	4990
EC:7.3.2.3	4991
EC:7.3.2.5	4992
EC:7.4.2.1	4993
EC:7.4.2.5	4994
EC:7.4.2.7	4995
EC:7.5.2.1	4996
EC:7.5.2.3	4997
EC:7.5.2.4	4998
EC:7.5.2.5	4999
EC:7.5.2.6	5000
EC:7.6.2.1	5001
EC:7.6.2.2	5002
EC:7.6.2.3	5003
EC:7.6.2.4	5004
EC:7.6.2.5	5005
EC:7.6.2.7	5006
